mode,device_id,gpu_name,compute_capability,precision,input_type,accumulator_type,output_type,m,n,k,median_ms,p90_ms,throughput,unit,best,validation,status,algorithm,workspace_bytes,message
isolated,0,NVIDIA GeForce RTX 5090,12.0,int4,,,,0,0,0,0.000000,0.000000,0.000000,,False,NOT_RUN,UNSUPPORTED,,0,"cuBLASLt does not provide a dense INT4 GEMM kernel; INT4 Tensor Core is used via inference frameworks (CUTLASS/quantized paths), not standard dense GEMM APIs"
isolated,0,NVIDIA GeForce RTX 5090,12.0,int8,INT8,INT32,INT32,4096,4096,4096,0.182336,0.184288,753.767504,TOPS,False,PASS,OK,cuBLASLt algo 21 layout=TN per-tensor scale,0,"actual=4096, expected=4096, tolerance=1e-06"
isolated,0,NVIDIA GeForce RTX 5090,12.0,int8,INT8,INT32,INT32,8192,8192,8192,1.261344,1.281056,871.698495,TOPS,False,PASS,OK,cuBLASLt algo 21 layout=TN per-tensor scale,0,"actual=8192, expected=8192, tolerance=1e-06"
isolated,0,NVIDIA GeForce RTX 5090,12.0,int8,INT8,INT32,INT32,16384,16384,16384,9.712448,9.740832,905.651481,TOPS,True,PASS,OK,cuBLASLt algo 21 layout=TN per-tensor scale,0,"actual=16384, expected=16384, tolerance=1e-06"
isolated,0,NVIDIA GeForce RTX 5090,12.0,fp8_e4m3,FP8_E4M3,FP32,FP16,4096,4096,4096,0.192896,0.204256,712.502893,TFLOPS,False,PASS,OK,cuBLASLt algo 67 layout=TN per-tensor scale,0,"actual=1024, expected=1024, tolerance=30.72"
isolated,0,NVIDIA GeForce RTX 5090,12.0,fp8_e4m3,FP8_E4M3,FP32,FP16,8192,8192,8192,1.274336,1.363168,862.811413,TFLOPS,True,PASS,OK,cuBLASLt algo 67 layout=TN per-tensor scale,0,"actual=2048, expected=2048, tolerance=61.44"
isolated,0,NVIDIA GeForce RTX 5090,12.0,fp8_e4m3,FP8_E4M3,FP32,FP16,16384,16384,16384,11.498976,11.581376,764.945784,TFLOPS,False,PASS,OK,cuBLASLt algo 67 layout=TN per-tensor scale,0,"actual=4096, expected=4096, tolerance=122.88"
isolated,0,NVIDIA GeForce RTX 5090,12.0,fp8_e5m2,FP8_E5M2,FP32,FP16,4096,4096,4096,0.000000,0.000000,0.000000,TFLOPS,False,NOT_RUN,UNSUPPORTED,,268435456,No cuBLASLt algorithm for fp8_e5m2 (CUBLAS_STATUS_NOT_SUPPORTED); cuBLASLt did not provide a kernel for this precision/layout on this GPU architecture
isolated,0,NVIDIA GeForce RTX 5090,12.0,fp8_e5m2,FP8_E5M2,FP32,FP16,8192,8192,8192,0.000000,0.000000,0.000000,TFLOPS,False,NOT_RUN,UNSUPPORTED,,268435456,No cuBLASLt algorithm for fp8_e5m2 (CUBLAS_STATUS_NOT_SUPPORTED); cuBLASLt did not provide a kernel for this precision/layout on this GPU architecture
isolated,0,NVIDIA GeForce RTX 5090,12.0,fp8_e5m2,FP8_E5M2,FP32,FP16,16384,16384,16384,0.000000,0.000000,0.000000,TFLOPS,False,NOT_RUN,UNSUPPORTED,,268435456,No cuBLASLt algorithm for fp8_e5m2 (CUBLAS_STATUS_NOT_SUPPORTED); cuBLASLt did not provide a kernel for this precision/layout on this GPU architecture
isolated,0,NVIDIA GeForce RTX 5090,12.0,nvfp4,FP4_E2M1,FP32,BF16,4096,4096,4096,0.109952,0.111808,1249.990451,TFLOPS,False,PASS,OK,cuBLASLt NVFP4 block-scaled (VEC16_UE4M3) layout=TN,0,"actual=1024, expected=1024, tolerance=30.72"
isolated,0,NVIDIA GeForce RTX 5090,12.0,nvfp4,FP4_E2M1,FP32,BF16,8192,8192,8192,0.679872,0.703584,1617.233341,TFLOPS,True,PASS,OK,cuBLASLt NVFP4 block-scaled (VEC16_UE4M3) layout=TN,0,"actual=2048, expected=2048, tolerance=61.44"
isolated,0,NVIDIA GeForce RTX 5090,12.0,nvfp4,FP4_E2M1,FP32,BF16,16384,16384,16384,5.736576,5.868064,1533.335024,TFLOPS,False,PASS,OK,cuBLASLt NVFP4 block-scaled (VEC16_UE4M3) layout=TN,0,"actual=4096, expected=4096, tolerance=122.88"
isolated,0,NVIDIA GeForce RTX 5090,12.0,int16,INT16,INT32,INT32,2048,2048,2048,1.670272,1.732160,10.285672,TOPS,False,PASS,OK,custom tiled 16x16 CUDA Core GEMM,0,"actual=2048, expected=2048, tolerance=1e-06; custom CUDA Core result, not an INT16 Tensor Core specification"
isolated,0,NVIDIA GeForce RTX 5090,12.0,int16,INT16,INT32,INT32,4096,4096,4096,13.343712,13.352992,10.299904,TOPS,True,PASS,OK,custom tiled 16x16 CUDA Core GEMM,0,"actual=4096, expected=4096, tolerance=1e-06; custom CUDA Core result, not an INT16 Tensor Core specification"
isolated,0,NVIDIA GeForce RTX 5090,12.0,int16,INT16,INT32,INT32,8192,8192,8192,115.792000,115.878944,9.495575,TOPS,False,PASS,OK,custom tiled 16x16 CUDA Core GEMM,0,"actual=8192, expected=8192, tolerance=1e-06; custom CUDA Core result, not an INT16 Tensor Core specification"
isolated,0,NVIDIA GeForce RTX 5090,12.0,fp16,FP16,FP32,FP16,4096,4096,4096,0.583712,0.585664,235.456797,TFLOPS,False,PASS,OK,cuBLASLt algo 21 layout=NN per-tensor scale,0,"actual=1024, expected=1024, tolerance=30.72"
isolated,0,NVIDIA GeForce RTX 5090,12.0,fp16,FP16,FP32,FP16,8192,8192,8192,4.432576,4.437760,248.052506,TFLOPS,False,PASS,OK,cuBLASLt algo 21 layout=NN per-tensor scale,0,"actual=2048, expected=2048, tolerance=61.44"
isolated,0,NVIDIA GeForce RTX 5090,12.0,fp16,FP16,FP32,FP16,16384,16384,16384,34.752480,34.761120,253.106919,TFLOPS,True,PASS,OK,cuBLASLt algo 21 layout=NN per-tensor scale,0,"actual=4096, expected=4096, tolerance=122.88"
isolated,0,NVIDIA GeForce RTX 5090,12.0,bf16,BF16,FP32,BF16,4096,4096,4096,0.584288,0.586336,235.224672,TFLOPS,False,PASS,OK,cuBLASLt algo 21 layout=NN per-tensor scale,0,"actual=1024, expected=1024, tolerance=30.72"
isolated,0,NVIDIA GeForce RTX 5090,12.0,bf16,BF16,FP32,BF16,8192,8192,8192,4.435328,4.441344,247.898605,TFLOPS,False,PASS,OK,cuBLASLt algo 21 layout=NN per-tensor scale,0,"actual=2048, expected=2048, tolerance=61.44"
isolated,0,NVIDIA GeForce RTX 5090,12.0,bf16,BF16,FP32,BF16,16384,16384,16384,34.786144,34.792801,252.861972,TFLOPS,True,PASS,OK,cuBLASLt algo 21 layout=NN per-tensor scale,0,"actual=4096, expected=4096, tolerance=122.88"
isolated,0,NVIDIA GeForce RTX 5090,12.0,tf32,FP32,FP32,FP32,4096,4096,4096,1.221888,1.224192,112.480816,TFLOPS,False,PASS,OK,cuBLASLt algo 21 layout=NN per-tensor scale,4096,"actual=1024, expected=1024, tolerance=30.72"
isolated,0,NVIDIA GeForce RTX 5090,12.0,tf32,FP32,FP32,FP32,8192,8192,8192,9.010944,9.015040,122.019578,TFLOPS,False,PASS,OK,cuBLASLt algo 21 layout=NN per-tensor scale,0,"actual=2048, expected=2048, tolerance=61.44"
isolated,0,NVIDIA GeForce RTX 5090,12.0,tf32,FP32,FP32,FP32,12288,12288,12288,29.599327,29.621023,125.369463,TFLOPS,True,PASS,OK,cuBLASLt algo 21 layout=NN per-tensor scale,0,"actual=3072, expected=3072, tolerance=92.16"
isolated,0,NVIDIA GeForce RTX 5090,12.0,fp32,FP32,FP32,FP32,4096,4096,4096,1.755328,1.762848,78.298158,TFLOPS,False,PASS,OK,cuBLASLt algo 20 layout=NN per-tensor scale,2048,"actual=1024, expected=1024, tolerance=0.01024"
isolated,0,NVIDIA GeForce RTX 5090,12.0,fp32,FP32,FP32,FP32,8192,8192,8192,13.256704,13.399648,82.940043,TFLOPS,True,PASS,OK,cuBLASLt algo 20 layout=NN per-tensor scale,8192,"actual=2048, expected=2048, tolerance=0.02048"
isolated,0,NVIDIA GeForce RTX 5090,12.0,fp32,FP32,FP32,FP32,12288,12288,12288,45.455746,45.506687,81.636583,TFLOPS,False,PASS,OK,cuBLASLt algo 20 layout=NN per-tensor scale,18432,"actual=3072, expected=3072, tolerance=0.03072"
isolated,0,NVIDIA GeForce RTX 5090,12.0,fp64,FP64,FP64,FP64,2048,2048,2048,10.008928,10.012160,1.716454,TFLOPS,False,PASS,OK,cuBLASLt algo 22 layout=NN per-tensor scale,0,"actual=512, expected=512, tolerance=1e-06"
isolated,0,NVIDIA GeForce RTX 5090,12.0,fp64,FP64,FP64,FP64,4096,4096,4096,78.359070,78.365410,1.753964,TFLOPS,False,PASS,OK,cuBLASLt algo 22 layout=NN per-tensor scale,0,"actual=1024, expected=1024, tolerance=1e-06"
isolated,0,NVIDIA GeForce RTX 5090,12.0,fp64,FP64,FP64,FP64,6144,6144,6144,261.386047,261.413910,1.774603,TFLOPS,True,PASS,OK,cuBLASLt algo 22 layout=NN per-tensor scale,0,"actual=1536, expected=1536, tolerance=1e-06"
isolated,1,NVIDIA GeForce RTX 5090,12.0,int4,,,,0,0,0,0.000000,0.000000,0.000000,,False,NOT_RUN,UNSUPPORTED,,0,"cuBLASLt does not provide a dense INT4 GEMM kernel; INT4 Tensor Core is used via inference frameworks (CUTLASS/quantized paths), not standard dense GEMM APIs"
isolated,1,NVIDIA GeForce RTX 5090,12.0,int8,INT8,INT32,INT32,4096,4096,4096,0.182528,0.184544,752.974614,TOPS,False,PASS,OK,cuBLASLt algo 21 layout=TN per-tensor scale,0,"actual=4096, expected=4096, tolerance=1e-06"
isolated,1,NVIDIA GeForce RTX 5090,12.0,int8,INT8,INT32,INT32,8192,8192,8192,1.260448,1.261824,872.318133,TOPS,False,PASS,OK,cuBLASLt algo 21 layout=TN per-tensor scale,0,"actual=8192, expected=8192, tolerance=1e-06"
isolated,1,NVIDIA GeForce RTX 5090,12.0,int8,INT8,INT32,INT32,16384,16384,16384,9.649024,9.655264,911.604429,TOPS,True,PASS,OK,cuBLASLt algo 21 layout=TN per-tensor scale,0,"actual=16384, expected=16384, tolerance=1e-06"
isolated,1,NVIDIA GeForce RTX 5090,12.0,fp8_e4m3,FP8_E4M3,FP32,FP16,4096,4096,4096,0.312736,0.315040,439.472755,TFLOPS,False,PASS,OK,cuBLASLt algo 35 layout=TN per-tensor scale,67125407,"actual=1024, expected=1024, tolerance=30.72"
isolated,1,NVIDIA GeForce RTX 5090,12.0,fp8_e4m3,FP8_E4M3,FP32,FP16,8192,8192,8192,0.000000,0.000000,0.000000,TFLOPS,False,NOT_RUN,UNSUPPORTED,,268435456,All cuBLASLt heuristic algorithms failed
isolated,1,NVIDIA GeForce RTX 5090,12.0,fp8_e4m3,FP8_E4M3,FP32,FP16,16384,16384,16384,18.413376,18.426785,477.701270,TFLOPS,True,PASS,OK,cuBLASLt algo 67 layout=TN per-tensor scale,0,"actual=4096, expected=4096, tolerance=122.88"
isolated,1,NVIDIA GeForce RTX 5090,12.0,fp8_e5m2,FP8_E5M2,FP32,FP16,4096,4096,4096,0.000000,0.000000,0.000000,TFLOPS,False,NOT_RUN,UNSUPPORTED,,268435456,No cuBLASLt algorithm for fp8_e5m2 (CUBLAS_STATUS_NOT_SUPPORTED); cuBLASLt did not provide a kernel for this precision/layout on this GPU architecture
isolated,1,NVIDIA GeForce RTX 5090,12.0,fp8_e5m2,FP8_E5M2,FP32,FP16,8192,8192,8192,0.000000,0.000000,0.000000,TFLOPS,False,NOT_RUN,UNSUPPORTED,,268435456,No cuBLASLt algorithm for fp8_e5m2 (CUBLAS_STATUS_NOT_SUPPORTED); cuBLASLt did not provide a kernel for this precision/layout on this GPU architecture
isolated,1,NVIDIA GeForce RTX 5090,12.0,fp8_e5m2,FP8_E5M2,FP32,FP16,16384,16384,16384,0.000000,0.000000,0.000000,TFLOPS,False,NOT_RUN,UNSUPPORTED,,268435456,No cuBLASLt algorithm for fp8_e5m2 (CUBLAS_STATUS_NOT_SUPPORTED); cuBLASLt did not provide a kernel for this precision/layout on this GPU architecture
isolated,1,NVIDIA GeForce RTX 5090,12.0,nvfp4,FP4_E2M1,FP32,BF16,4096,4096,4096,0.104256,0.105504,1318.283436,TFLOPS,False,PASS,OK,cuBLASLt NVFP4 block-scaled (VEC16_UE4M3) layout=TN,0,"actual=1024, expected=1024, tolerance=30.72"
isolated,1,NVIDIA GeForce RTX 5090,12.0,nvfp4,FP4_E2M1,FP32,BF16,8192,8192,8192,0.682592,0.684256,1610.788976,TFLOPS,False,PASS,OK,cuBLASLt NVFP4 block-scaled (VEC16_UE4M3) layout=TN,0,"actual=2048, expected=2048, tolerance=61.44"
isolated,1,NVIDIA GeForce RTX 5090,12.0,nvfp4,FP4_E2M1,FP32,BF16,16384,16384,16384,5.342944,5.348224,1646.300763,TFLOPS,True,PASS,OK,cuBLASLt NVFP4 block-scaled (VEC16_UE4M3) layout=TN,0,"actual=4096, expected=4096, tolerance=122.88"
isolated,1,NVIDIA GeForce RTX 5090,12.0,int16,INT16,INT32,INT32,2048,2048,2048,1.677920,1.680704,10.238789,TOPS,False,PASS,OK,custom tiled 16x16 CUDA Core GEMM,0,"actual=2048, expected=2048, tolerance=1e-06; custom CUDA Core result, not an INT16 Tensor Core specification"
isolated,1,NVIDIA GeForce RTX 5090,12.0,int16,INT16,INT32,INT32,4096,4096,4096,13.322144,13.447264,10.316580,TOPS,True,PASS,OK,custom tiled 16x16 CUDA Core GEMM,0,"actual=4096, expected=4096, tolerance=1e-06; custom CUDA Core result, not an INT16 Tensor Core specification"
isolated,1,NVIDIA GeForce RTX 5090,12.0,int16,INT16,INT32,INT32,8192,8192,8192,114.067329,114.129791,9.639146,TOPS,False,PASS,OK,custom tiled 16x16 CUDA Core GEMM,0,"actual=8192, expected=8192, tolerance=1e-06; custom CUDA Core result, not an INT16 Tensor Core specification"
isolated,1,NVIDIA GeForce RTX 5090,12.0,fp16,FP16,FP32,FP16,4096,4096,4096,0.592288,0.597504,232.047500,TFLOPS,False,PASS,OK,cuBLASLt algo 21 layout=NN per-tensor scale,0,"actual=1024, expected=1024, tolerance=30.72"
isolated,1,NVIDIA GeForce RTX 5090,12.0,fp16,FP16,FP32,FP16,8192,8192,8192,4.464704,4.467840,246.267528,TFLOPS,False,PASS,OK,cuBLASLt algo 21 layout=NN per-tensor scale,0,"actual=2048, expected=2048, tolerance=61.44"
isolated,1,NVIDIA GeForce RTX 5090,12.0,fp16,FP16,FP32,FP16,16384,16384,16384,34.871841,34.877632,252.240566,TFLOPS,True,PASS,OK,cuBLASLt algo 21 layout=NN per-tensor scale,0,"actual=4096, expected=4096, tolerance=122.88"
isolated,1,NVIDIA GeForce RTX 5090,12.0,bf16,BF16,FP32,BF16,4096,4096,4096,0.597504,0.599328,230.021806,TFLOPS,False,PASS,OK,cuBLASLt algo 21 layout=NN per-tensor scale,0,"actual=1024, expected=1024, tolerance=30.72"
isolated,1,NVIDIA GeForce RTX 5090,12.0,bf16,BF16,FP32,BF16,8192,8192,8192,4.469344,4.471744,246.011852,TFLOPS,False,PASS,OK,cuBLASLt algo 21 layout=NN per-tensor scale,0,"actual=2048, expected=2048, tolerance=61.44"
isolated,1,NVIDIA GeForce RTX 5090,12.0,bf16,BF16,FP32,BF16,16384,16384,16384,34.898335,34.905216,252.049078,TFLOPS,True,PASS,OK,cuBLASLt algo 21 layout=NN per-tensor scale,0,"actual=4096, expected=4096, tolerance=122.88"
isolated,1,NVIDIA GeForce RTX 5090,12.0,tf32,FP32,FP32,FP32,4096,4096,4096,1.228224,1.232064,111.900556,TFLOPS,False,PASS,OK,cuBLASLt algo 21 layout=NN per-tensor scale,4096,"actual=1024, expected=1024, tolerance=30.72"
isolated,1,NVIDIA GeForce RTX 5090,12.0,tf32,FP32,FP32,FP32,8192,8192,8192,9.021632,9.026112,121.875023,TFLOPS,False,PASS,OK,cuBLASLt algo 21 layout=NN per-tensor scale,8192,"actual=2048, expected=2048, tolerance=61.44"
isolated,1,NVIDIA GeForce RTX 5090,12.0,tf32,FP32,FP32,FP32,12288,12288,12288,29.676128,29.682783,125.045009,TFLOPS,True,PASS,OK,cuBLASLt algo 21 layout=NN per-tensor scale,18432,"actual=3072, expected=3072, tolerance=92.16"
isolated,1,NVIDIA GeForce RTX 5090,12.0,fp32,FP32,FP32,FP32,4096,4096,4096,1.727552,1.763904,79.557055,TFLOPS,False,PASS,OK,cuBLASLt algo 20 layout=NN per-tensor scale,2048,"actual=1024, expected=1024, tolerance=0.01024"
isolated,1,NVIDIA GeForce RTX 5090,12.0,fp32,FP32,FP32,FP32,8192,8192,8192,13.244832,13.316800,83.014388,TFLOPS,True,PASS,OK,cuBLASLt algo 20 layout=NN per-tensor scale,8192,"actual=2048, expected=2048, tolerance=0.02048"
isolated,1,NVIDIA GeForce RTX 5090,12.0,fp32,FP32,FP32,FP32,12288,12288,12288,45.115486,45.413151,82.252283,TFLOPS,False,PASS,OK,cuBLASLt algo 20 layout=NN per-tensor scale,0,"actual=3072, expected=3072, tolerance=0.03072"
isolated,1,NVIDIA GeForce RTX 5090,12.0,fp64,FP64,FP64,FP64,2048,2048,2048,10.094112,10.096992,1.701969,TFLOPS,False,PASS,OK,cuBLASLt algo 22 layout=NN per-tensor scale,0,"actual=512, expected=512, tolerance=1e-06"
isolated,1,NVIDIA GeForce RTX 5090,12.0,fp64,FP64,FP64,FP64,4096,4096,4096,79.013153,79.020447,1.739444,TFLOPS,False,PASS,OK,cuBLASLt algo 22 layout=NN per-tensor scale,0,"actual=1024, expected=1024, tolerance=1e-06"
isolated,1,NVIDIA GeForce RTX 5090,12.0,fp64,FP64,FP64,FP64,6144,6144,6144,263.567566,263.592163,1.759915,TFLOPS,True,PASS,OK,cuBLASLt algo 22 layout=NN per-tensor scale,0,"actual=1536, expected=1536, tolerance=1e-06"
isolated,2,NVIDIA GeForce RTX 5090,12.0,int4,,,,0,0,0,0.000000,0.000000,0.000000,,False,NOT_RUN,UNSUPPORTED,,0,"cuBLASLt does not provide a dense INT4 GEMM kernel; INT4 Tensor Core is used via inference frameworks (CUTLASS/quantized paths), not standard dense GEMM APIs"
isolated,2,NVIDIA GeForce RTX 5090,12.0,int8,INT8,INT32,INT32,4096,4096,4096,0.184128,0.184672,746.431572,TOPS,False,PASS,OK,cuBLASLt algo 21 layout=TN per-tensor scale,0,"actual=4096, expected=4096, tolerance=1e-06"
isolated,2,NVIDIA GeForce RTX 5090,12.0,int8,INT8,INT32,INT32,8192,8192,8192,1.230048,1.260000,893.877052,TOPS,False,PASS,OK,cuBLASLt algo 21 layout=TN per-tensor scale,0,"actual=8192, expected=8192, tolerance=1e-06"
isolated,2,NVIDIA GeForce RTX 5090,12.0,int8,INT8,INT32,INT32,16384,16384,16384,9.665216,9.694624,910.077190,TOPS,True,PASS,OK,cuBLASLt algo 21 layout=TN per-tensor scale,0,"actual=16384, expected=16384, tolerance=1e-06"
isolated,2,NVIDIA GeForce RTX 5090,12.0,fp8_e4m3,FP8_E4M3,FP32,FP16,4096,4096,4096,0.303616,0.313760,452.673638,TFLOPS,False,PASS,OK,cuBLASLt algo 35 layout=TN per-tensor scale,67125407,"actual=1024, expected=1024, tolerance=30.72"
isolated,2,NVIDIA GeForce RTX 5090,12.0,fp8_e4m3,FP8_E4M3,FP32,FP16,8192,8192,8192,0.000000,0.000000,0.000000,TFLOPS,False,NOT_RUN,UNSUPPORTED,,268435456,All cuBLASLt heuristic algorithms failed
isolated,2,NVIDIA GeForce RTX 5090,12.0,fp8_e4m3,FP8_E4M3,FP32,FP16,16384,16384,16384,18.463392,18.511168,476.407201,TFLOPS,True,PASS,OK,cuBLASLt algo 67 layout=TN per-tensor scale,0,"actual=4096, expected=4096, tolerance=122.88"
isolated,2,NVIDIA GeForce RTX 5090,12.0,fp8_e5m2,FP8_E5M2,FP32,FP16,4096,4096,4096,0.000000,0.000000,0.000000,TFLOPS,False,NOT_RUN,UNSUPPORTED,,268435456,No cuBLASLt algorithm for fp8_e5m2 (CUBLAS_STATUS_NOT_SUPPORTED); cuBLASLt did not provide a kernel for this precision/layout on this GPU architecture
isolated,2,NVIDIA GeForce RTX 5090,12.0,fp8_e5m2,FP8_E5M2,FP32,FP16,8192,8192,8192,0.000000,0.000000,0.000000,TFLOPS,False,NOT_RUN,UNSUPPORTED,,268435456,No cuBLASLt algorithm for fp8_e5m2 (CUBLAS_STATUS_NOT_SUPPORTED); cuBLASLt did not provide a kernel for this precision/layout on this GPU architecture
isolated,2,NVIDIA GeForce RTX 5090,12.0,fp8_e5m2,FP8_E5M2,FP32,FP16,16384,16384,16384,0.000000,0.000000,0.000000,TFLOPS,False,NOT_RUN,UNSUPPORTED,,268435456,No cuBLASLt algorithm for fp8_e5m2 (CUBLAS_STATUS_NOT_SUPPORTED); cuBLASLt did not provide a kernel for this precision/layout on this GPU architecture
isolated,2,NVIDIA GeForce RTX 5090,12.0,nvfp4,FP4_E2M1,FP32,BF16,4096,4096,4096,0.105472,0.105728,1303.084757,TFLOPS,False,PASS,OK,cuBLASLt NVFP4 block-scaled (VEC16_UE4M3) layout=TN,0,"actual=1024, expected=1024, tolerance=30.72"
isolated,2,NVIDIA GeForce RTX 5090,12.0,nvfp4,FP4_E2M1,FP32,BF16,8192,8192,8192,0.684192,0.687104,1607.022042,TFLOPS,True,PASS,OK,cuBLASLt NVFP4 block-scaled (VEC16_UE4M3) layout=TN,0,"actual=2048, expected=2048, tolerance=61.44"
isolated,2,NVIDIA GeForce RTX 5090,12.0,nvfp4,FP4_E2M1,FP32,BF16,16384,16384,16384,5.507168,5.592672,1597.208096,TFLOPS,False,PASS,OK,cuBLASLt NVFP4 block-scaled (VEC16_UE4M3) layout=TN,0,"actual=4096, expected=4096, tolerance=122.88"
isolated,2,NVIDIA GeForce RTX 5090,12.0,int16,INT16,INT32,INT32,2048,2048,2048,1.701632,1.708960,10.096113,TOPS,False,PASS,OK,custom tiled 16x16 CUDA Core GEMM,0,"actual=2048, expected=2048, tolerance=1e-06; custom CUDA Core result, not an INT16 Tensor Core specification"
isolated,2,NVIDIA GeForce RTX 5090,12.0,int16,INT16,INT32,INT32,4096,4096,4096,13.482656,13.491392,10.193760,TOPS,True,PASS,OK,custom tiled 16x16 CUDA Core GEMM,0,"actual=4096, expected=4096, tolerance=1e-06; custom CUDA Core result, not an INT16 Tensor Core specification"
isolated,2,NVIDIA GeForce RTX 5090,12.0,int16,INT16,INT32,INT32,8192,8192,8192,115.157181,115.282784,9.547921,TOPS,False,PASS,OK,custom tiled 16x16 CUDA Core GEMM,0,"actual=8192, expected=8192, tolerance=1e-06; custom CUDA Core result, not an INT16 Tensor Core specification"
isolated,2,NVIDIA GeForce RTX 5090,12.0,fp16,FP16,FP32,FP16,4096,4096,4096,0.594624,0.596640,231.135907,TFLOPS,False,PASS,OK,cuBLASLt algo 21 layout=NN per-tensor scale,0,"actual=1024, expected=1024, tolerance=30.72"
isolated,2,NVIDIA GeForce RTX 5090,12.0,fp16,FP16,FP32,FP16,8192,8192,8192,4.478144,4.485408,245.528412,TFLOPS,False,PASS,OK,cuBLASLt algo 21 layout=NN per-tensor scale,0,"actual=2048, expected=2048, tolerance=61.44"
isolated,2,NVIDIA GeForce RTX 5090,12.0,fp16,FP16,FP32,FP16,16384,16384,16384,34.961983,34.972672,251.590223,TFLOPS,True,PASS,OK,cuBLASLt algo 21 layout=NN per-tensor scale,0,"actual=4096, expected=4096, tolerance=122.88"
isolated,2,NVIDIA GeForce RTX 5090,12.0,bf16,BF16,FP32,BF16,4096,4096,4096,0.597856,0.600992,229.886389,TFLOPS,False,PASS,OK,cuBLASLt algo 21 layout=NN per-tensor scale,0,"actual=1024, expected=1024, tolerance=30.72"
isolated,2,NVIDIA GeForce RTX 5090,12.0,bf16,BF16,FP32,BF16,8192,8192,8192,4.482784,4.488256,245.274293,TFLOPS,False,PASS,OK,cuBLASLt algo 21 layout=NN per-tensor scale,0,"actual=2048, expected=2048, tolerance=61.44"
isolated,2,NVIDIA GeForce RTX 5090,12.0,bf16,BF16,FP32,BF16,16384,16384,16384,34.996799,35.002880,251.339927,TFLOPS,True,PASS,OK,cuBLASLt algo 21 layout=NN per-tensor scale,0,"actual=4096, expected=4096, tolerance=122.88"
isolated,2,NVIDIA GeForce RTX 5090,12.0,tf32,FP32,FP32,FP32,4096,4096,4096,1.233120,1.235584,111.456271,TFLOPS,False,PASS,OK,cuBLASLt algo 21 layout=NN per-tensor scale,4096,"actual=1024, expected=1024, tolerance=30.72"
isolated,2,NVIDIA GeForce RTX 5090,12.0,tf32,FP32,FP32,FP32,8192,8192,8192,9.036288,9.043136,121.677352,TFLOPS,False,PASS,OK,cuBLASLt algo 21 layout=NN per-tensor scale,16384,"actual=2048, expected=2048, tolerance=61.44"
isolated,2,NVIDIA GeForce RTX 5090,12.0,tf32,FP32,FP32,FP32,12288,12288,12288,29.736929,29.748064,124.789340,TFLOPS,True,PASS,OK,cuBLASLt algo 21 layout=NN per-tensor scale,18432,"actual=3072, expected=3072, tolerance=92.16"
isolated,2,NVIDIA GeForce RTX 5090,12.0,fp32,FP32,FP32,FP32,4096,4096,4096,1.772544,1.798144,77.537681,TFLOPS,False,PASS,OK,cuBLASLt algo 20 layout=NN per-tensor scale,2048,"actual=1024, expected=1024, tolerance=0.01024"
isolated,2,NVIDIA GeForce RTX 5090,12.0,fp32,FP32,FP32,FP32,8192,8192,8192,13.263616,13.320160,82.896825,TFLOPS,True,PASS,OK,cuBLASLt algo 20 layout=NN per-tensor scale,8192,"actual=2048, expected=2048, tolerance=0.02048"
isolated,2,NVIDIA GeForce RTX 5090,12.0,fp32,FP32,FP32,FP32,12288,12288,12288,45.308159,45.437279,81.902506,TFLOPS,False,PASS,OK,cuBLASLt algo 20 layout=NN per-tensor scale,0,"actual=3072, expected=3072, tolerance=0.03072"
isolated,2,NVIDIA GeForce RTX 5090,12.0,fp64,FP64,FP64,FP64,2048,2048,2048,10.111296,10.114656,1.699077,TFLOPS,False,PASS,OK,cuBLASLt algo 22 layout=NN per-tensor scale,0,"actual=512, expected=512, tolerance=1e-06"
isolated,2,NVIDIA GeForce RTX 5090,12.0,fp64,FP64,FP64,FP64,4096,4096,4096,79.156929,79.162109,1.736285,TFLOPS,False,PASS,OK,cuBLASLt algo 22 layout=NN per-tensor scale,0,"actual=1024, expected=1024, tolerance=1e-06"
isolated,2,NVIDIA GeForce RTX 5090,12.0,fp64,FP64,FP64,FP64,6144,6144,6144,264.035065,264.049988,1.756799,TFLOPS,True,PASS,OK,cuBLASLt algo 22 layout=NN per-tensor scale,0,"actual=1536, expected=1536, tolerance=1e-06"
isolated,3,NVIDIA GeForce RTX 5090,12.0,int4,,,,0,0,0,0.000000,0.000000,0.000000,,False,NOT_RUN,UNSUPPORTED,,0,"cuBLASLt does not provide a dense INT4 GEMM kernel; INT4 Tensor Core is used via inference frameworks (CUTLASS/quantized paths), not standard dense GEMM APIs"
isolated,3,NVIDIA GeForce RTX 5090,12.0,int8,INT8,INT32,INT32,4096,4096,4096,0.182240,0.184032,754.164605,TOPS,False,PASS,OK,cuBLASLt algo 21 layout=TN per-tensor scale,0,"actual=4096, expected=4096, tolerance=1e-06"
isolated,3,NVIDIA GeForce RTX 5090,12.0,int8,INT8,INT32,INT32,8192,8192,8192,1.214528,1.253600,905.299557,TOPS,False,PASS,OK,cuBLASLt algo 21 layout=TN per-tensor scale,0,"actual=8192, expected=8192, tolerance=1e-06"
isolated,3,NVIDIA GeForce RTX 5090,12.0,int8,INT8,INT32,INT32,16384,16384,16384,9.647968,9.652640,911.704180,TOPS,True,PASS,OK,cuBLASLt algo 21 layout=TN per-tensor scale,0,"actual=16384, expected=16384, tolerance=1e-06"
isolated,3,NVIDIA GeForce RTX 5090,12.0,fp8_e4m3,FP8_E4M3,FP32,FP16,4096,4096,4096,0.310144,0.315968,443.145604,TFLOPS,False,PASS,OK,cuBLASLt algo 35 layout=TN per-tensor scale,67125407,"actual=1024, expected=1024, tolerance=30.72"
isolated,3,NVIDIA GeForce RTX 5090,12.0,fp8_e4m3,FP8_E4M3,FP32,FP16,8192,8192,8192,0.000000,0.000000,0.000000,TFLOPS,False,NOT_RUN,UNSUPPORTED,,268435456,All cuBLASLt heuristic algorithms failed
isolated,3,NVIDIA GeForce RTX 5090,12.0,fp8_e4m3,FP8_E4M3,FP32,FP16,16384,16384,16384,18.334881,18.344576,479.746397,TFLOPS,True,PASS,OK,cuBLASLt algo 67 layout=TN per-tensor scale,0,"actual=4096, expected=4096, tolerance=122.88"
isolated,3,NVIDIA GeForce RTX 5090,12.0,fp8_e5m2,FP8_E5M2,FP32,FP16,4096,4096,4096,0.000000,0.000000,0.000000,TFLOPS,False,NOT_RUN,UNSUPPORTED,,268435456,No cuBLASLt algorithm for fp8_e5m2 (CUBLAS_STATUS_NOT_SUPPORTED); cuBLASLt did not provide a kernel for this precision/layout on this GPU architecture
isolated,3,NVIDIA GeForce RTX 5090,12.0,fp8_e5m2,FP8_E5M2,FP32,FP16,8192,8192,8192,0.000000,0.000000,0.000000,TFLOPS,False,NOT_RUN,UNSUPPORTED,,268435456,No cuBLASLt algorithm for fp8_e5m2 (CUBLAS_STATUS_NOT_SUPPORTED); cuBLASLt did not provide a kernel for this precision/layout on this GPU architecture
isolated,3,NVIDIA GeForce RTX 5090,12.0,fp8_e5m2,FP8_E5M2,FP32,FP16,16384,16384,16384,0.000000,0.000000,0.000000,TFLOPS,False,NOT_RUN,UNSUPPORTED,,268435456,No cuBLASLt algorithm for fp8_e5m2 (CUBLAS_STATUS_NOT_SUPPORTED); cuBLASLt did not provide a kernel for this precision/layout on this GPU architecture
isolated,3,NVIDIA GeForce RTX 5090,12.0,nvfp4,FP4_E2M1,FP32,BF16,4096,4096,4096,0.103552,0.105376,1327.245781,TFLOPS,False,PASS,OK,cuBLASLt NVFP4 block-scaled (VEC16_UE4M3) layout=TN,0,"actual=1024, expected=1024, tolerance=30.72"
isolated,3,NVIDIA GeForce RTX 5090,12.0,nvfp4,FP4_E2M1,FP32,BF16,8192,8192,8192,0.677696,0.680000,1622.426050,TFLOPS,True,PASS,OK,cuBLASLt NVFP4 block-scaled (VEC16_UE4M3) layout=TN,0,"actual=2048, expected=2048, tolerance=61.44"
isolated,3,NVIDIA GeForce RTX 5090,12.0,nvfp4,FP4_E2M1,FP32,BF16,16384,16384,16384,5.478944,5.508320,1605.435884,TFLOPS,False,PASS,OK,cuBLASLt NVFP4 block-scaled (VEC16_UE4M3) layout=TN,0,"actual=4096, expected=4096, tolerance=122.88"
isolated,3,NVIDIA GeForce RTX 5090,12.0,int16,INT16,INT32,INT32,2048,2048,2048,1.682080,1.697280,10.213467,TOPS,False,PASS,OK,custom tiled 16x16 CUDA Core GEMM,0,"actual=2048, expected=2048, tolerance=1e-06; custom CUDA Core result, not an INT16 Tensor Core specification"
isolated,3,NVIDIA GeForce RTX 5090,12.0,int16,INT16,INT32,INT32,4096,4096,4096,13.317120,13.322208,10.320472,TOPS,True,PASS,OK,custom tiled 16x16 CUDA Core GEMM,0,"actual=4096, expected=4096, tolerance=1e-06; custom CUDA Core result, not an INT16 Tensor Core specification"
isolated,3,NVIDIA GeForce RTX 5090,12.0,int16,INT16,INT32,INT32,8192,8192,8192,113.168159,113.248222,9.715733,TOPS,False,PASS,OK,custom tiled 16x16 CUDA Core GEMM,0,"actual=8192, expected=8192, tolerance=1e-06; custom CUDA Core result, not an INT16 Tensor Core specification"
isolated,3,NVIDIA GeForce RTX 5090,12.0,fp16,FP16,FP32,FP16,4096,4096,4096,0.589760,0.590496,233.042173,TFLOPS,False,PASS,OK,cuBLASLt algo 21 layout=NN per-tensor scale,0,"actual=1024, expected=1024, tolerance=30.72"
isolated,3,NVIDIA GeForce RTX 5090,12.0,fp16,FP16,FP32,FP16,8192,8192,8192,4.470912,4.474912,245.925581,TFLOPS,False,PASS,OK,cuBLASLt algo 21 layout=NN per-tensor scale,0,"actual=2048, expected=2048, tolerance=61.44"
isolated,3,NVIDIA GeForce RTX 5090,12.0,fp16,FP16,FP32,FP16,16384,16384,16384,34.919552,34.927296,251.895931,TFLOPS,True,PASS,OK,cuBLASLt algo 21 layout=NN per-tensor scale,0,"actual=4096, expected=4096, tolerance=122.88"
isolated,3,NVIDIA GeForce RTX 5090,12.0,bf16,BF16,FP32,BF16,4096,4096,4096,0.590112,0.593504,232.903178,TFLOPS,False,PASS,OK,cuBLASLt algo 21 layout=NN per-tensor scale,0,"actual=1024, expected=1024, tolerance=30.72"
isolated,3,NVIDIA GeForce RTX 5090,12.0,bf16,BF16,FP32,BF16,8192,8192,8192,4.473888,4.479424,245.761997,TFLOPS,False,PASS,OK,cuBLASLt algo 21 layout=NN per-tensor scale,0,"actual=2048, expected=2048, tolerance=61.44"
isolated,3,NVIDIA GeForce RTX 5090,12.0,bf16,BF16,FP32,BF16,16384,16384,16384,34.944897,34.950016,251.713236,TFLOPS,True,PASS,OK,cuBLASLt algo 21 layout=NN per-tensor scale,0,"actual=4096, expected=4096, tolerance=122.88"
isolated,3,NVIDIA GeForce RTX 5090,12.0,tf32,FP32,FP32,FP32,4096,4096,4096,1.228224,1.231104,111.900556,TFLOPS,False,PASS,OK,cuBLASLt algo 21 layout=NN per-tensor scale,4096,"actual=1024, expected=1024, tolerance=30.72"
isolated,3,NVIDIA GeForce RTX 5090,12.0,tf32,FP32,FP32,FP32,8192,8192,8192,9.027264,9.032768,121.798994,TFLOPS,False,PASS,OK,cuBLASLt algo 21 layout=NN per-tensor scale,16384,"actual=2048, expected=2048, tolerance=61.44"
isolated,3,NVIDIA GeForce RTX 5090,12.0,tf32,FP32,FP32,FP32,12288,12288,12288,29.703873,29.711424,124.928213,TFLOPS,True,PASS,OK,cuBLASLt algo 21 layout=NN per-tensor scale,18432,"actual=3072, expected=3072, tolerance=92.16"
isolated,3,NVIDIA GeForce RTX 5090,12.0,fp32,FP32,FP32,FP32,4096,4096,4096,1.748032,1.763456,78.624965,TFLOPS,False,PASS,OK,cuBLASLt algo 20 layout=NN per-tensor scale,2048,"actual=1024, expected=1024, tolerance=0.01024"
isolated,3,NVIDIA GeForce RTX 5090,12.0,fp32,FP32,FP32,FP32,8192,8192,8192,13.218208,13.247712,83.181593,TFLOPS,True,PASS,OK,cuBLASLt algo 20 layout=NN per-tensor scale,8192,"actual=2048, expected=2048, tolerance=0.02048"
isolated,3,NVIDIA GeForce RTX 5090,12.0,fp32,FP32,FP32,FP32,12288,12288,12288,45.167042,45.427521,82.158397,TFLOPS,False,PASS,OK,cuBLASLt algo 20 layout=NN per-tensor scale,0,"actual=3072, expected=3072, tolerance=0.03072"
isolated,3,NVIDIA GeForce RTX 5090,12.0,fp64,FP64,FP64,FP64,2048,2048,2048,10.088064,10.091424,1.702990,TFLOPS,False,PASS,OK,cuBLASLt algo 22 layout=NN per-tensor scale,0,"actual=512, expected=512, tolerance=1e-06"
isolated,3,NVIDIA GeForce RTX 5090,12.0,fp64,FP64,FP64,FP64,4096,4096,4096,78.956192,78.963326,1.740699,TFLOPS,False,PASS,OK,cuBLASLt algo 22 layout=NN per-tensor scale,0,"actual=1024, expected=1024, tolerance=1e-06"
isolated,3,NVIDIA GeForce RTX 5090,12.0,fp64,FP64,FP64,FP64,6144,6144,6144,263.313599,263.336731,1.761612,TFLOPS,True,PASS,OK,cuBLASLt algo 22 layout=NN per-tensor scale,0,"actual=1536, expected=1536, tolerance=1e-06"
isolated,4,NVIDIA GeForce RTX 5090,12.0,int4,,,,0,0,0,0.000000,0.000000,0.000000,,False,NOT_RUN,UNSUPPORTED,,0,"cuBLASLt does not provide a dense INT4 GEMM kernel; INT4 Tensor Core is used via inference frameworks (CUTLASS/quantized paths), not standard dense GEMM APIs"
isolated,4,NVIDIA GeForce RTX 5090,12.0,int8,INT8,INT32,INT32,4096,4096,4096,0.183680,0.184480,748.252151,TOPS,False,PASS,OK,cuBLASLt algo 21 layout=TN per-tensor scale,0,"actual=4096, expected=4096, tolerance=1e-06"
isolated,4,NVIDIA GeForce RTX 5090,12.0,int8,INT8,INT32,INT32,8192,8192,8192,1.260160,1.267296,872.517501,TOPS,False,PASS,OK,cuBLASLt algo 21 layout=TN per-tensor scale,0,"actual=8192, expected=8192, tolerance=1e-06"
isolated,4,NVIDIA GeForce RTX 5090,12.0,int8,INT8,INT32,INT32,16384,16384,16384,9.489600,9.693824,926.919244,TOPS,True,PASS,OK,cuBLASLt algo 21 layout=TN per-tensor scale,0,"actual=16384, expected=16384, tolerance=1e-06"
isolated,4,NVIDIA GeForce RTX 5090,12.0,fp8_e4m3,FP8_E4M3,FP32,FP16,4096,4096,4096,0.313824,0.315168,437.949151,TFLOPS,False,PASS,OK,cuBLASLt algo 35 layout=TN per-tensor scale,67125407,"actual=1024, expected=1024, tolerance=30.72"
isolated,4,NVIDIA GeForce RTX 5090,12.0,fp8_e4m3,FP8_E4M3,FP32,FP16,8192,8192,8192,0.000000,0.000000,0.000000,TFLOPS,False,NOT_RUN,UNSUPPORTED,,268435456,All cuBLASLt heuristic algorithms failed
isolated,4,NVIDIA GeForce RTX 5090,12.0,fp8_e4m3,FP8_E4M3,FP32,FP16,16384,16384,16384,18.373472,18.382368,478.738745,TFLOPS,True,PASS,OK,cuBLASLt algo 67 layout=TN per-tensor scale,0,"actual=4096, expected=4096, tolerance=122.88"
isolated,4,NVIDIA GeForce RTX 5090,12.0,fp8_e5m2,FP8_E5M2,FP32,FP16,4096,4096,4096,0.000000,0.000000,0.000000,TFLOPS,False,NOT_RUN,UNSUPPORTED,,268435456,No cuBLASLt algorithm for fp8_e5m2 (CUBLAS_STATUS_NOT_SUPPORTED); cuBLASLt did not provide a kernel for this precision/layout on this GPU architecture
isolated,4,NVIDIA GeForce RTX 5090,12.0,fp8_e5m2,FP8_E5M2,FP32,FP16,8192,8192,8192,0.000000,0.000000,0.000000,TFLOPS,False,NOT_RUN,UNSUPPORTED,,268435456,No cuBLASLt algorithm for fp8_e5m2 (CUBLAS_STATUS_NOT_SUPPORTED); cuBLASLt did not provide a kernel for this precision/layout on this GPU architecture
isolated,4,NVIDIA GeForce RTX 5090,12.0,fp8_e5m2,FP8_E5M2,FP32,FP16,16384,16384,16384,0.000000,0.000000,0.000000,TFLOPS,False,NOT_RUN,UNSUPPORTED,,268435456,No cuBLASLt algorithm for fp8_e5m2 (CUBLAS_STATUS_NOT_SUPPORTED); cuBLASLt did not provide a kernel for this precision/layout on this GPU architecture
isolated,4,NVIDIA GeForce RTX 5090,12.0,nvfp4,FP4_E2M1,FP32,BF16,4096,4096,4096,0.104640,0.105920,1313.445662,TFLOPS,False,PASS,OK,cuBLASLt NVFP4 block-scaled (VEC16_UE4M3) layout=TN,0,"actual=1024, expected=1024, tolerance=30.72"
isolated,4,NVIDIA GeForce RTX 5090,12.0,nvfp4,FP4_E2M1,FP32,BF16,8192,8192,8192,0.681056,0.683200,1614.421709,TFLOPS,True,PASS,OK,cuBLASLt NVFP4 block-scaled (VEC16_UE4M3) layout=TN,0,"actual=2048, expected=2048, tolerance=61.44"
isolated,4,NVIDIA GeForce RTX 5090,12.0,nvfp4,FP4_E2M1,FP32,BF16,16384,16384,16384,5.600096,5.625664,1570.703907,TFLOPS,False,PASS,OK,cuBLASLt NVFP4 block-scaled (VEC16_UE4M3) layout=TN,0,"actual=4096, expected=4096, tolerance=122.88"
isolated,4,NVIDIA GeForce RTX 5090,12.0,int16,INT16,INT32,INT32,2048,2048,2048,1.669472,1.714976,10.290601,TOPS,True,PASS,OK,custom tiled 16x16 CUDA Core GEMM,0,"actual=2048, expected=2048, tolerance=1e-06; custom CUDA Core result, not an INT16 Tensor Core specification"
isolated,4,NVIDIA GeForce RTX 5090,12.0,int16,INT16,INT32,INT32,4096,4096,4096,13.425376,13.434240,10.237252,TOPS,False,PASS,OK,custom tiled 16x16 CUDA Core GEMM,0,"actual=4096, expected=4096, tolerance=1e-06; custom CUDA Core result, not an INT16 Tensor Core specification"
isolated,4,NVIDIA GeForce RTX 5090,12.0,int16,INT16,INT32,INT32,8192,8192,8192,114.019455,114.825470,9.643193,TOPS,False,PASS,OK,custom tiled 16x16 CUDA Core GEMM,0,"actual=8192, expected=8192, tolerance=1e-06; custom CUDA Core result, not an INT16 Tensor Core specification"
isolated,4,NVIDIA GeForce RTX 5090,12.0,fp16,FP16,FP32,FP16,4096,4096,4096,0.591712,0.594208,232.273393,TFLOPS,False,PASS,OK,cuBLASLt algo 21 layout=NN per-tensor scale,0,"actual=1024, expected=1024, tolerance=30.72"
isolated,4,NVIDIA GeForce RTX 5090,12.0,fp16,FP16,FP32,FP16,8192,8192,8192,4.462624,4.466304,246.382310,TFLOPS,False,PASS,OK,cuBLASLt algo 21 layout=NN per-tensor scale,0,"actual=2048, expected=2048, tolerance=61.44"
isolated,4,NVIDIA GeForce RTX 5090,12.0,fp16,FP16,FP32,FP16,16384,16384,16384,34.840641,34.846592,252.466452,TFLOPS,True,PASS,OK,cuBLASLt algo 21 layout=NN per-tensor scale,0,"actual=4096, expected=4096, tolerance=122.88"
isolated,4,NVIDIA GeForce RTX 5090,12.0,bf16,BF16,FP32,BF16,4096,4096,4096,0.591936,0.596352,232.185499,TFLOPS,False,PASS,OK,cuBLASLt algo 21 layout=NN per-tensor scale,0,"actual=1024, expected=1024, tolerance=30.72"
isolated,4,NVIDIA GeForce RTX 5090,12.0,bf16,BF16,FP32,BF16,8192,8192,8192,4.465408,4.472128,246.228713,TFLOPS,False,PASS,OK,cuBLASLt algo 21 layout=NN per-tensor scale,0,"actual=2048, expected=2048, tolerance=61.44"
isolated,4,NVIDIA GeForce RTX 5090,12.0,bf16,BF16,FP32,BF16,16384,16384,16384,34.862175,34.867233,252.310506,TFLOPS,True,PASS,OK,cuBLASLt algo 21 layout=NN per-tensor scale,0,"actual=4096, expected=4096, tolerance=122.88"
isolated,4,NVIDIA GeForce RTX 5090,12.0,tf32,FP32,FP32,FP32,4096,4096,4096,1.227616,1.230912,111.955985,TFLOPS,False,PASS,OK,cuBLASLt algo 21 layout=NN per-tensor scale,4096,"actual=1024, expected=1024, tolerance=30.72"
isolated,4,NVIDIA GeForce RTX 5090,12.0,tf32,FP32,FP32,FP32,8192,8192,8192,9.003552,9.013472,122.119756,TFLOPS,False,PASS,OK,cuBLASLt algo 21 layout=NN per-tensor scale,16384,"actual=2048, expected=2048, tolerance=61.44"
isolated,4,NVIDIA GeForce RTX 5090,12.0,tf32,FP32,FP32,FP32,12288,12288,12288,29.637632,29.644129,125.207429,TFLOPS,True,PASS,OK,cuBLASLt algo 21 layout=NN per-tensor scale,18432,"actual=3072, expected=3072, tolerance=92.16"
isolated,4,NVIDIA GeForce RTX 5090,12.0,fp32,FP32,FP32,FP32,4096,4096,4096,1.729632,1.760832,79.461384,TFLOPS,False,PASS,OK,cuBLASLt algo 20 layout=NN per-tensor scale,2048,"actual=1024, expected=1024, tolerance=0.01024"
isolated,4,NVIDIA GeForce RTX 5090,12.0,fp32,FP32,FP32,FP32,8192,8192,8192,13.114528,13.158880,83.839209,TFLOPS,True,PASS,OK,cuBLASLt algo 20 layout=NN per-tensor scale,8192,"actual=2048, expected=2048, tolerance=0.02048"
isolated,4,NVIDIA GeForce RTX 5090,12.0,fp32,FP32,FP32,FP32,12288,12288,12288,45.197762,45.267071,82.102556,TFLOPS,False,PASS,OK,cuBLASLt algo 20 layout=NN per-tensor scale,18432,"actual=3072, expected=3072, tolerance=0.03072"
isolated,4,NVIDIA GeForce RTX 5090,12.0,fp64,FP64,FP64,FP64,2048,2048,2048,10.115840,10.118240,1.698314,TFLOPS,False,PASS,OK,cuBLASLt algo 22 layout=NN per-tensor scale,0,"actual=512, expected=512, tolerance=1e-06"
isolated,4,NVIDIA GeForce RTX 5090,12.0,fp64,FP64,FP64,FP64,4096,4096,4096,79.190781,79.193245,1.735542,TFLOPS,False,PASS,OK,cuBLASLt algo 22 layout=NN per-tensor scale,0,"actual=1024, expected=1024, tolerance=1e-06"
isolated,4,NVIDIA GeForce RTX 5090,12.0,fp64,FP64,FP64,FP64,6144,6144,6144,264.133423,264.136932,1.756145,TFLOPS,True,PASS,OK,cuBLASLt algo 22 layout=NN per-tensor scale,0,"actual=1536, expected=1536, tolerance=1e-06"
isolated,5,NVIDIA GeForce RTX 5090,12.0,int4,,,,0,0,0,0.000000,0.000000,0.000000,,False,NOT_RUN,UNSUPPORTED,,0,"cuBLASLt does not provide a dense INT4 GEMM kernel; INT4 Tensor Core is used via inference frameworks (CUTLASS/quantized paths), not standard dense GEMM APIs"
isolated,5,NVIDIA GeForce RTX 5090,12.0,int8,INT8,INT32,INT32,4096,4096,4096,0.183488,0.184512,749.035120,TOPS,False,PASS,OK,cuBLASLt algo 21 layout=TN per-tensor scale,0,"actual=4096, expected=4096, tolerance=1e-06"
isolated,5,NVIDIA GeForce RTX 5090,12.0,int8,INT8,INT32,INT32,8192,8192,8192,1.265952,1.384256,868.525533,TOPS,False,PASS,OK,cuBLASLt algo 21 layout=TN per-tensor scale,0,"actual=8192, expected=8192, tolerance=1e-06"
isolated,5,NVIDIA GeForce RTX 5090,12.0,int8,INT8,INT32,INT32,16384,16384,16384,9.722752,9.739584,904.691734,TOPS,True,PASS,OK,cuBLASLt algo 21 layout=TN per-tensor scale,0,"actual=16384, expected=16384, tolerance=1e-06"
isolated,5,NVIDIA GeForce RTX 5090,12.0,fp8_e4m3,FP8_E4M3,FP32,FP16,4096,4096,4096,0.318432,0.320736,431.611622,TFLOPS,False,PASS,OK,cuBLASLt algo 35 layout=TN per-tensor scale,67125407,"actual=1024, expected=1024, tolerance=30.72"
isolated,5,NVIDIA GeForce RTX 5090,12.0,fp8_e4m3,FP8_E4M3,FP32,FP16,8192,8192,8192,0.000000,0.000000,0.000000,TFLOPS,False,NOT_RUN,UNSUPPORTED,,268435456,All cuBLASLt heuristic algorithms failed
isolated,5,NVIDIA GeForce RTX 5090,12.0,fp8_e4m3,FP8_E4M3,FP32,FP16,16384,16384,16384,18.343872,18.365856,479.511250,TFLOPS,True,PASS,OK,cuBLASLt algo 67 layout=TN per-tensor scale,0,"actual=4096, expected=4096, tolerance=122.88"
isolated,5,NVIDIA GeForce RTX 5090,12.0,fp8_e5m2,FP8_E5M2,FP32,FP16,4096,4096,4096,0.000000,0.000000,0.000000,TFLOPS,False,NOT_RUN,UNSUPPORTED,,268435456,No cuBLASLt algorithm for fp8_e5m2 (CUBLAS_STATUS_NOT_SUPPORTED); cuBLASLt did not provide a kernel for this precision/layout on this GPU architecture
isolated,5,NVIDIA GeForce RTX 5090,12.0,fp8_e5m2,FP8_E5M2,FP32,FP16,8192,8192,8192,0.000000,0.000000,0.000000,TFLOPS,False,NOT_RUN,UNSUPPORTED,,268435456,No cuBLASLt algorithm for fp8_e5m2 (CUBLAS_STATUS_NOT_SUPPORTED); cuBLASLt did not provide a kernel for this precision/layout on this GPU architecture
isolated,5,NVIDIA GeForce RTX 5090,12.0,fp8_e5m2,FP8_E5M2,FP32,FP16,16384,16384,16384,0.000000,0.000000,0.000000,TFLOPS,False,NOT_RUN,UNSUPPORTED,,268435456,No cuBLASLt algorithm for fp8_e5m2 (CUBLAS_STATUS_NOT_SUPPORTED); cuBLASLt did not provide a kernel for this precision/layout on this GPU architecture
isolated,5,NVIDIA GeForce RTX 5090,12.0,nvfp4,FP4_E2M1,FP32,BF16,4096,4096,4096,0.104992,0.105984,1309.042123,TFLOPS,False,PASS,OK,cuBLASLt NVFP4 block-scaled (VEC16_UE4M3) layout=TN,0,"actual=1024, expected=1024, tolerance=30.72"
isolated,5,NVIDIA GeForce RTX 5090,12.0,nvfp4,FP4_E2M1,FP32,BF16,8192,8192,8192,0.682784,0.686880,1610.335910,TFLOPS,True,PASS,OK,cuBLASLt NVFP4 block-scaled (VEC16_UE4M3) layout=TN,0,"actual=2048, expected=2048, tolerance=61.44"
isolated,5,NVIDIA GeForce RTX 5090,12.0,nvfp4,FP4_E2M1,FP32,BF16,16384,16384,16384,5.615584,5.622240,1566.371936,TFLOPS,False,PASS,OK,cuBLASLt NVFP4 block-scaled (VEC16_UE4M3) layout=TN,0,"actual=4096, expected=4096, tolerance=122.88"
isolated,5,NVIDIA GeForce RTX 5090,12.0,int16,INT16,INT32,INT32,2048,2048,2048,1.683296,1.791072,10.206089,TOPS,False,PASS,OK,custom tiled 16x16 CUDA Core GEMM,0,"actual=2048, expected=2048, tolerance=1e-06; custom CUDA Core result, not an INT16 Tensor Core specification"
isolated,5,NVIDIA GeForce RTX 5090,12.0,int16,INT16,INT32,INT32,4096,4096,4096,13.405600,13.414912,10.252354,TOPS,True,PASS,OK,custom tiled 16x16 CUDA Core GEMM,0,"actual=4096, expected=4096, tolerance=1e-06; custom CUDA Core result, not an INT16 Tensor Core specification"
isolated,5,NVIDIA GeForce RTX 5090,12.0,int16,INT16,INT32,INT32,8192,8192,8192,116.135651,116.257828,9.467477,TOPS,False,PASS,OK,custom tiled 16x16 CUDA Core GEMM,0,"actual=8192, expected=8192, tolerance=1e-06; custom CUDA Core result, not an INT16 Tensor Core specification"
isolated,5,NVIDIA GeForce RTX 5090,12.0,fp16,FP16,FP32,FP16,4096,4096,4096,0.590784,0.593376,232.638241,TFLOPS,False,PASS,OK,cuBLASLt algo 21 layout=NN per-tensor scale,0,"actual=1024, expected=1024, tolerance=30.72"
isolated,5,NVIDIA GeForce RTX 5090,12.0,fp16,FP16,FP32,FP16,8192,8192,8192,4.455456,4.459104,246.778710,TFLOPS,False,PASS,OK,cuBLASLt algo 21 layout=NN per-tensor scale,0,"actual=2048, expected=2048, tolerance=61.44"
isolated,5,NVIDIA GeForce RTX 5090,12.0,fp16,FP16,FP32,FP16,16384,16384,16384,34.796032,34.799198,252.790118,TFLOPS,True,PASS,OK,cuBLASLt algo 21 layout=NN per-tensor scale,0,"actual=4096, expected=4096, tolerance=122.88"
isolated,5,NVIDIA GeForce RTX 5090,12.0,bf16,BF16,FP32,BF16,4096,4096,4096,0.595456,0.597504,230.812944,TFLOPS,False,PASS,OK,cuBLASLt algo 21 layout=NN per-tensor scale,0,"actual=1024, expected=1024, tolerance=30.72"
isolated,5,NVIDIA GeForce RTX 5090,12.0,bf16,BF16,FP32,BF16,8192,8192,8192,4.459520,4.463904,246.553813,TFLOPS,False,PASS,OK,cuBLASLt algo 21 layout=NN per-tensor scale,0,"actual=2048, expected=2048, tolerance=61.44"
isolated,5,NVIDIA GeForce RTX 5090,12.0,bf16,BF16,FP32,BF16,16384,16384,16384,34.818913,34.823841,252.624002,TFLOPS,True,PASS,OK,cuBLASLt algo 21 layout=NN per-tensor scale,0,"actual=4096, expected=4096, tolerance=122.88"
isolated,5,NVIDIA GeForce RTX 5090,12.0,tf32,FP32,FP32,FP32,4096,4096,4096,1.224096,1.228448,112.277926,TFLOPS,False,PASS,OK,cuBLASLt algo 21 layout=NN per-tensor scale,4096,"actual=1024, expected=1024, tolerance=30.72"
isolated,5,NVIDIA GeForce RTX 5090,12.0,tf32,FP32,FP32,FP32,8192,8192,8192,8.995200,8.999744,122.233148,TFLOPS,False,PASS,OK,cuBLASLt algo 21 layout=NN per-tensor scale,16384,"actual=2048, expected=2048, tolerance=61.44"
isolated,5,NVIDIA GeForce RTX 5090,12.0,tf32,FP32,FP32,FP32,12288,12288,12288,29.810560,29.841375,124.481114,TFLOPS,True,PASS,OK,cuBLASLt algo 21 layout=NN per-tensor scale,0,"actual=3072, expected=3072, tolerance=92.16"
isolated,5,NVIDIA GeForce RTX 5090,12.0,fp32,FP32,FP32,FP32,4096,4096,4096,1.747584,1.755968,78.645121,TFLOPS,False,PASS,OK,cuBLASLt algo 20 layout=NN per-tensor scale,2048,"actual=1024, expected=1024, tolerance=0.01024"
isolated,5,NVIDIA GeForce RTX 5090,12.0,fp32,FP32,FP32,FP32,8192,8192,8192,13.259136,13.320736,82.924831,TFLOPS,True,PASS,OK,cuBLASLt algo 20 layout=NN per-tensor scale,8192,"actual=2048, expected=2048, tolerance=0.02048"
isolated,5,NVIDIA GeForce RTX 5090,12.0,fp32,FP32,FP32,FP32,12288,12288,12288,45.549793,45.591072,81.468026,TFLOPS,False,PASS,OK,cuBLASLt algo 20 layout=NN per-tensor scale,18432,"actual=3072, expected=3072, tolerance=0.03072"
isolated,5,NVIDIA GeForce RTX 5090,12.0,fp64,FP64,FP64,FP64,2048,2048,2048,10.085152,10.088320,1.703481,TFLOPS,False,PASS,OK,cuBLASLt algo 22 layout=NN per-tensor scale,0,"actual=512, expected=512, tolerance=1e-06"
isolated,5,NVIDIA GeForce RTX 5090,12.0,fp64,FP64,FP64,FP64,4096,4096,4096,78.969246,78.979805,1.740411,TFLOPS,False,PASS,OK,cuBLASLt algo 22 layout=NN per-tensor scale,0,"actual=1024, expected=1024, tolerance=1e-06"
isolated,5,NVIDIA GeForce RTX 5090,12.0,fp64,FP64,FP64,FP64,6144,6144,6144,263.409454,263.428589,1.760971,TFLOPS,True,PASS,OK,cuBLASLt algo 22 layout=NN per-tensor scale,0,"actual=1536, expected=1536, tolerance=1e-06"
isolated,6,NVIDIA GeForce RTX 5090,12.0,int4,,,,0,0,0,0.000000,0.000000,0.000000,,False,NOT_RUN,UNSUPPORTED,,0,"cuBLASLt does not provide a dense INT4 GEMM kernel; INT4 Tensor Core is used via inference frameworks (CUTLASS/quantized paths), not standard dense GEMM APIs"
isolated,6,NVIDIA GeForce RTX 5090,12.0,int8,INT8,INT32,INT32,4096,4096,4096,0.183424,0.184192,749.296474,TOPS,False,PASS,OK,cuBLASLt algo 21 layout=TN per-tensor scale,0,"actual=4096, expected=4096, tolerance=1e-06"
isolated,6,NVIDIA GeForce RTX 5090,12.0,int8,INT8,INT32,INT32,8192,8192,8192,1.266912,1.272224,867.867415,TOPS,False,PASS,OK,cuBLASLt algo 21 layout=TN per-tensor scale,0,"actual=8192, expected=8192, tolerance=1e-06"
isolated,6,NVIDIA GeForce RTX 5090,12.0,int8,INT8,INT32,INT32,16384,16384,16384,9.756384,9.769248,901.573074,TOPS,True,PASS,OK,cuBLASLt algo 21 layout=TN per-tensor scale,0,"actual=16384, expected=16384, tolerance=1e-06"
isolated,6,NVIDIA GeForce RTX 5090,12.0,fp8_e4m3,FP8_E4M3,FP32,FP16,4096,4096,4096,0.320416,0.323616,428.939104,TFLOPS,False,PASS,OK,cuBLASLt algo 35 layout=TN per-tensor scale,67125407,"actual=1024, expected=1024, tolerance=30.72"
isolated,6,NVIDIA GeForce RTX 5090,12.0,fp8_e4m3,FP8_E4M3,FP32,FP16,8192,8192,8192,0.000000,0.000000,0.000000,TFLOPS,False,NOT_RUN,UNSUPPORTED,,268435456,All cuBLASLt heuristic algorithms failed
isolated,6,NVIDIA GeForce RTX 5090,12.0,fp8_e4m3,FP8_E4M3,FP32,FP16,16384,16384,16384,18.205376,18.217249,483.159105,TFLOPS,True,PASS,OK,cuBLASLt algo 67 layout=TN per-tensor scale,0,"actual=4096, expected=4096, tolerance=122.88"
isolated,6,NVIDIA GeForce RTX 5090,12.0,fp8_e5m2,FP8_E5M2,FP32,FP16,4096,4096,4096,0.000000,0.000000,0.000000,TFLOPS,False,NOT_RUN,UNSUPPORTED,,268435456,No cuBLASLt algorithm for fp8_e5m2 (CUBLAS_STATUS_NOT_SUPPORTED); cuBLASLt did not provide a kernel for this precision/layout on this GPU architecture
isolated,6,NVIDIA GeForce RTX 5090,12.0,fp8_e5m2,FP8_E5M2,FP32,FP16,8192,8192,8192,0.000000,0.000000,0.000000,TFLOPS,False,NOT_RUN,UNSUPPORTED,,268435456,No cuBLASLt algorithm for fp8_e5m2 (CUBLAS_STATUS_NOT_SUPPORTED); cuBLASLt did not provide a kernel for this precision/layout on this GPU architecture
isolated,6,NVIDIA GeForce RTX 5090,12.0,fp8_e5m2,FP8_E5M2,FP32,FP16,16384,16384,16384,0.000000,0.000000,0.000000,TFLOPS,False,NOT_RUN,UNSUPPORTED,,268435456,No cuBLASLt algorithm for fp8_e5m2 (CUBLAS_STATUS_NOT_SUPPORTED); cuBLASLt did not provide a kernel for this precision/layout on this GPU architecture
isolated,6,NVIDIA GeForce RTX 5090,12.0,nvfp4,FP4_E2M1,FP32,BF16,4096,4096,4096,0.105440,0.105920,1303.480233,TFLOPS,False,PASS,OK,cuBLASLt NVFP4 block-scaled (VEC16_UE4M3) layout=TN,0,"actual=1024, expected=1024, tolerance=30.72"
isolated,6,NVIDIA GeForce RTX 5090,12.0,nvfp4,FP4_E2M1,FP32,BF16,8192,8192,8192,0.681312,0.683840,1613.815092,TFLOPS,True,PASS,OK,cuBLASLt NVFP4 block-scaled (VEC16_UE4M3) layout=TN,0,"actual=2048, expected=2048, tolerance=61.44"
isolated,6,NVIDIA GeForce RTX 5090,12.0,nvfp4,FP4_E2M1,FP32,BF16,16384,16384,16384,5.597568,5.602336,1571.413329,TFLOPS,False,PASS,OK,cuBLASLt NVFP4 block-scaled (VEC16_UE4M3) layout=TN,0,"actual=4096, expected=4096, tolerance=122.88"
isolated,6,NVIDIA GeForce RTX 5090,12.0,int16,INT16,INT32,INT32,2048,2048,2048,1.682464,1.773792,10.211136,TOPS,False,PASS,OK,custom tiled 16x16 CUDA Core GEMM,0,"actual=2048, expected=2048, tolerance=1e-06; custom CUDA Core result, not an INT16 Tensor Core specification"
isolated,6,NVIDIA GeForce RTX 5090,12.0,int16,INT16,INT32,INT32,4096,4096,4096,13.333824,13.340832,10.307542,TOPS,True,PASS,OK,custom tiled 16x16 CUDA Core GEMM,0,"actual=4096, expected=4096, tolerance=1e-06; custom CUDA Core result, not an INT16 Tensor Core specification"
isolated,6,NVIDIA GeForce RTX 5090,12.0,int16,INT16,INT32,INT32,8192,8192,8192,115.936768,115.997826,9.483718,TOPS,False,PASS,OK,custom tiled 16x16 CUDA Core GEMM,0,"actual=8192, expected=8192, tolerance=1e-06; custom CUDA Core result, not an INT16 Tensor Core specification"
isolated,6,NVIDIA GeForce RTX 5090,12.0,fp16,FP16,FP32,FP16,4096,4096,4096,0.590144,0.591968,232.890546,TFLOPS,False,PASS,OK,cuBLASLt algo 21 layout=NN per-tensor scale,0,"actual=1024, expected=1024, tolerance=30.72"
isolated,6,NVIDIA GeForce RTX 5090,12.0,fp16,FP16,FP32,FP16,8192,8192,8192,4.483520,4.486752,245.234017,TFLOPS,False,PASS,OK,cuBLASLt algo 21 layout=NN per-tensor scale,0,"actual=2048, expected=2048, tolerance=61.44"
isolated,6,NVIDIA GeForce RTX 5090,12.0,fp16,FP16,FP32,FP16,16384,16384,16384,35.150784,35.159073,250.238889,TFLOPS,True,PASS,OK,cuBLASLt algo 21 layout=NN per-tensor scale,0,"actual=4096, expected=4096, tolerance=122.88"
isolated,6,NVIDIA GeForce RTX 5090,12.0,bf16,BF16,FP32,BF16,4096,4096,4096,0.585728,0.586816,234.646382,TFLOPS,False,PASS,OK,cuBLASLt algo 21 layout=NN per-tensor scale,0,"actual=1024, expected=1024, tolerance=30.72"
isolated,6,NVIDIA GeForce RTX 5090,12.0,bf16,BF16,FP32,BF16,8192,8192,8192,4.507648,4.511328,243.921360,TFLOPS,False,PASS,OK,cuBLASLt algo 21 layout=NN per-tensor scale,0,"actual=2048, expected=2048, tolerance=61.44"
isolated,6,NVIDIA GeForce RTX 5090,12.0,bf16,BF16,FP32,BF16,16384,16384,16384,35.156418,35.164608,250.198785,TFLOPS,True,PASS,OK,cuBLASLt algo 21 layout=NN per-tensor scale,0,"actual=4096, expected=4096, tolerance=122.88"
isolated,6,NVIDIA GeForce RTX 5090,12.0,tf32,FP32,FP32,FP32,4096,4096,4096,1.226272,1.227584,112.078686,TFLOPS,False,PASS,OK,cuBLASLt algo 21 layout=NN per-tensor scale,4096,"actual=1024, expected=1024, tolerance=30.72"
isolated,6,NVIDIA GeForce RTX 5090,12.0,tf32,FP32,FP32,FP32,8192,8192,8192,8.992096,9.080832,122.275344,TFLOPS,False,PASS,OK,cuBLASLt algo 21 layout=NN per-tensor scale,8192,"actual=2048, expected=2048, tolerance=61.44"
isolated,6,NVIDIA GeForce RTX 5090,12.0,tf32,FP32,FP32,FP32,12288,12288,12288,29.573919,29.581921,125.477172,TFLOPS,True,PASS,OK,cuBLASLt algo 21 layout=NN per-tensor scale,18432,"actual=3072, expected=3072, tolerance=92.16"
isolated,6,NVIDIA GeForce RTX 5090,12.0,fp32,FP32,FP32,FP32,4096,4096,4096,1.753696,1.775040,78.371027,TFLOPS,False,PASS,OK,cuBLASLt algo 20 layout=NN per-tensor scale,2048,"actual=1024, expected=1024, tolerance=0.01024"
isolated,6,NVIDIA GeForce RTX 5090,12.0,fp32,FP32,FP32,FP32,8192,8192,8192,13.304320,13.325568,82.643202,TFLOPS,True,PASS,OK,cuBLASLt algo 20 layout=NN per-tensor scale,8192,"actual=2048, expected=2048, tolerance=0.02048"
isolated,6,NVIDIA GeForce RTX 5090,12.0,fp32,FP32,FP32,FP32,12288,12288,12288,45.650558,45.677601,81.288200,TFLOPS,False,PASS,OK,cuBLASLt algo 20 layout=NN per-tensor scale,18432,"actual=3072, expected=3072, tolerance=0.03072"
isolated,6,NVIDIA GeForce RTX 5090,12.0,fp64,FP64,FP64,FP64,2048,2048,2048,10.064800,10.067840,1.706926,TFLOPS,False,PASS,OK,cuBLASLt algo 22 layout=NN per-tensor scale,0,"actual=512, expected=512, tolerance=1e-06"
isolated,6,NVIDIA GeForce RTX 5090,12.0,fp64,FP64,FP64,FP64,4096,4096,4096,78.789726,78.792732,1.744377,TFLOPS,False,PASS,OK,cuBLASLt algo 22 layout=NN per-tensor scale,0,"actual=1024, expected=1024, tolerance=1e-06"
isolated,6,NVIDIA GeForce RTX 5090,12.0,fp64,FP64,FP64,FP64,6144,6144,6144,262.807098,262.810547,1.765007,TFLOPS,True,PASS,OK,cuBLASLt algo 22 layout=NN per-tensor scale,0,"actual=1536, expected=1536, tolerance=1e-06"
isolated,7,NVIDIA GeForce RTX 5090,12.0,int4,,,,0,0,0,0.000000,0.000000,0.000000,,False,NOT_RUN,UNSUPPORTED,,0,"cuBLASLt does not provide a dense INT4 GEMM kernel; INT4 Tensor Core is used via inference frameworks (CUTLASS/quantized paths), not standard dense GEMM APIs"
isolated,7,NVIDIA GeForce RTX 5090,12.0,int8,INT8,INT32,INT32,4096,4096,4096,0.184640,0.185536,744.361729,TOPS,False,PASS,OK,cuBLASLt algo 21 layout=TN per-tensor scale,0,"actual=4096, expected=4096, tolerance=1e-06"
isolated,7,NVIDIA GeForce RTX 5090,12.0,int8,INT8,INT32,INT32,8192,8192,8192,1.213504,1.265632,906.063488,TOPS,False,PASS,OK,cuBLASLt algo 21 layout=TN per-tensor scale,0,"actual=8192, expected=8192, tolerance=1e-06"
isolated,7,NVIDIA GeForce RTX 5090,12.0,int8,INT8,INT32,INT32,16384,16384,16384,9.706112,9.721824,906.242696,TOPS,True,PASS,OK,cuBLASLt algo 21 layout=TN per-tensor scale,0,"actual=16384, expected=16384, tolerance=1e-06"
isolated,7,NVIDIA GeForce RTX 5090,12.0,fp8_e4m3,FP8_E4M3,FP32,FP16,4096,4096,4096,0.303456,0.306368,452.912283,TFLOPS,False,PASS,OK,cuBLASLt algo 35 layout=TN per-tensor scale,67125407,"actual=1024, expected=1024, tolerance=30.72"
isolated,7,NVIDIA GeForce RTX 5090,12.0,fp8_e4m3,FP8_E4M3,FP32,FP16,8192,8192,8192,0.000000,0.000000,0.000000,TFLOPS,False,NOT_RUN,UNSUPPORTED,,268435456,All cuBLASLt heuristic algorithms failed
isolated,7,NVIDIA GeForce RTX 5090,12.0,fp8_e4m3,FP8_E4M3,FP32,FP16,16384,16384,16384,18.497408,18.511681,475.531116,TFLOPS,True,PASS,OK,cuBLASLt algo 67 layout=TN per-tensor scale,0,"actual=4096, expected=4096, tolerance=122.88"
isolated,7,NVIDIA GeForce RTX 5090,12.0,fp8_e5m2,FP8_E5M2,FP32,FP16,4096,4096,4096,0.000000,0.000000,0.000000,TFLOPS,False,NOT_RUN,UNSUPPORTED,,268435456,No cuBLASLt algorithm for fp8_e5m2 (CUBLAS_STATUS_NOT_SUPPORTED); cuBLASLt did not provide a kernel for this precision/layout on this GPU architecture
isolated,7,NVIDIA GeForce RTX 5090,12.0,fp8_e5m2,FP8_E5M2,FP32,FP16,8192,8192,8192,0.000000,0.000000,0.000000,TFLOPS,False,NOT_RUN,UNSUPPORTED,,268435456,No cuBLASLt algorithm for fp8_e5m2 (CUBLAS_STATUS_NOT_SUPPORTED); cuBLASLt did not provide a kernel for this precision/layout on this GPU architecture
isolated,7,NVIDIA GeForce RTX 5090,12.0,fp8_e5m2,FP8_E5M2,FP32,FP16,16384,16384,16384,0.000000,0.000000,0.000000,TFLOPS,False,NOT_RUN,UNSUPPORTED,,268435456,No cuBLASLt algorithm for fp8_e5m2 (CUBLAS_STATUS_NOT_SUPPORTED); cuBLASLt did not provide a kernel for this precision/layout on this GPU architecture
isolated,7,NVIDIA GeForce RTX 5090,12.0,nvfp4,FP4_E2M1,FP32,BF16,4096,4096,4096,0.105792,0.106208,1299.143152,TFLOPS,False,PASS,OK,cuBLASLt NVFP4 block-scaled (VEC16_UE4M3) layout=TN,0,"actual=1024, expected=1024, tolerance=30.72"
isolated,7,NVIDIA GeForce RTX 5090,12.0,nvfp4,FP4_E2M1,FP32,BF16,8192,8192,8192,0.685152,0.687232,1604.770382,TFLOPS,True,PASS,OK,cuBLASLt NVFP4 block-scaled (VEC16_UE4M3) layout=TN,0,"actual=2048, expected=2048, tolerance=61.44"
isolated,7,NVIDIA GeForce RTX 5090,12.0,nvfp4,FP4_E2M1,FP32,BF16,16384,16384,16384,5.533472,5.566432,1589.615512,TFLOPS,False,PASS,OK,cuBLASLt NVFP4 block-scaled (VEC16_UE4M3) layout=TN,0,"actual=4096, expected=4096, tolerance=122.88"
isolated,7,NVIDIA GeForce RTX 5090,12.0,int16,INT16,INT32,INT32,2048,2048,2048,1.677472,1.783968,10.241524,TOPS,False,PASS,OK,custom tiled 16x16 CUDA Core GEMM,0,"actual=2048, expected=2048, tolerance=1e-06; custom CUDA Core result, not an INT16 Tensor Core specification"
isolated,7,NVIDIA GeForce RTX 5090,12.0,int16,INT16,INT32,INT32,4096,4096,4096,13.413216,13.419136,10.246533,TOPS,True,PASS,OK,custom tiled 16x16 CUDA Core GEMM,0,"actual=4096, expected=4096, tolerance=1e-06; custom CUDA Core result, not an INT16 Tensor Core specification"
isolated,7,NVIDIA GeForce RTX 5090,12.0,int16,INT16,INT32,INT32,8192,8192,8192,115.270912,115.357918,9.538500,TOPS,False,PASS,OK,custom tiled 16x16 CUDA Core GEMM,0,"actual=8192, expected=8192, tolerance=1e-06; custom CUDA Core result, not an INT16 Tensor Core specification"
isolated,7,NVIDIA GeForce RTX 5090,12.0,fp16,FP16,FP32,FP16,4096,4096,4096,0.594784,0.596640,231.073715,TFLOPS,False,PASS,OK,cuBLASLt algo 21 layout=NN per-tensor scale,0,"actual=1024, expected=1024, tolerance=30.72"
isolated,7,NVIDIA GeForce RTX 5090,12.0,fp16,FP16,FP32,FP16,8192,8192,8192,4.468160,4.472480,246.077041,TFLOPS,False,PASS,OK,cuBLASLt algo 21 layout=NN per-tensor scale,0,"actual=2048, expected=2048, tolerance=61.44"
isolated,7,NVIDIA GeForce RTX 5090,12.0,fp16,FP16,FP32,FP16,16384,16384,16384,34.869473,34.876160,252.257703,TFLOPS,True,PASS,OK,cuBLASLt algo 21 layout=NN per-tensor scale,0,"actual=4096, expected=4096, tolerance=122.88"
isolated,7,NVIDIA GeForce RTX 5090,12.0,bf16,BF16,FP32,BF16,4096,4096,4096,0.598688,0.601184,229.566906,TFLOPS,False,PASS,OK,cuBLASLt algo 21 layout=NN per-tensor scale,0,"actual=1024, expected=1024, tolerance=30.72"
isolated,7,NVIDIA GeForce RTX 5090,12.0,bf16,BF16,FP32,BF16,8192,8192,8192,4.471360,4.474720,245.900929,TFLOPS,False,PASS,OK,cuBLASLt algo 21 layout=NN per-tensor scale,0,"actual=2048, expected=2048, tolerance=61.44"
isolated,7,NVIDIA GeForce RTX 5090,12.0,bf16,BF16,FP32,BF16,16384,16384,16384,34.889503,34.896130,252.112875,TFLOPS,True,PASS,OK,cuBLASLt algo 21 layout=NN per-tensor scale,0,"actual=4096, expected=4096, tolerance=122.88"
isolated,7,NVIDIA GeForce RTX 5090,12.0,tf32,FP32,FP32,FP32,4096,4096,4096,1.228704,1.230784,111.856848,TFLOPS,False,PASS,OK,cuBLASLt algo 21 layout=NN per-tensor scale,4096,"actual=1024, expected=1024, tolerance=30.72"
isolated,7,NVIDIA GeForce RTX 5090,12.0,tf32,FP32,FP32,FP32,8192,8192,8192,9.016928,9.022496,121.938609,TFLOPS,False,PASS,OK,cuBLASLt algo 21 layout=NN per-tensor scale,16384,"actual=2048, expected=2048, tolerance=61.44"
isolated,7,NVIDIA GeForce RTX 5090,12.0,tf32,FP32,FP32,FP32,12288,12288,12288,29.655424,29.664736,125.132311,TFLOPS,True,PASS,OK,cuBLASLt algo 21 layout=NN per-tensor scale,18432,"actual=3072, expected=3072, tolerance=92.16"
isolated,7,NVIDIA GeForce RTX 5090,12.0,fp32,FP32,FP32,FP32,4096,4096,4096,1.746400,1.781472,78.698439,TFLOPS,False,PASS,OK,cuBLASLt algo 20 layout=NN per-tensor scale,2048,"actual=1024, expected=1024, tolerance=0.01024"
isolated,7,NVIDIA GeForce RTX 5090,12.0,fp32,FP32,FP32,FP32,8192,8192,8192,13.190816,13.282464,83.354330,TFLOPS,True,PASS,OK,cuBLASLt algo 20 layout=NN per-tensor scale,8192,"actual=2048, expected=2048, tolerance=0.02048"
isolated,7,NVIDIA GeForce RTX 5090,12.0,fp32,FP32,FP32,FP32,12288,12288,12288,45.398594,45.466110,81.739354,TFLOPS,False,PASS,OK,cuBLASLt algo 20 layout=NN per-tensor scale,18432,"actual=3072, expected=3072, tolerance=0.03072"
isolated,7,NVIDIA GeForce RTX 5090,12.0,fp64,FP64,FP64,FP64,2048,2048,2048,10.098976,10.101344,1.701150,TFLOPS,False,PASS,OK,cuBLASLt algo 22 layout=NN per-tensor scale,0,"actual=512, expected=512, tolerance=1e-06"
isolated,7,NVIDIA GeForce RTX 5090,12.0,fp64,FP64,FP64,FP64,4096,4096,4096,79.104706,79.112740,1.737431,TFLOPS,False,PASS,OK,cuBLASLt algo 22 layout=NN per-tensor scale,0,"actual=1024, expected=1024, tolerance=1e-06"
isolated,7,NVIDIA GeForce RTX 5090,12.0,fp64,FP64,FP64,FP64,6144,6144,6144,263.870178,263.897522,1.757897,TFLOPS,True,PASS,OK,cuBLASLt algo 22 layout=NN per-tensor scale,0,"actual=1536, expected=1536, tolerance=1e-06"
concurrent,0,NVIDIA GeForce RTX 5090,12.0,int4,,,,0,0,0,0.000000,0.000000,0.000000,,False,NOT_RUN,UNSUPPORTED,,0,"cuBLASLt does not provide a dense INT4 GEMM kernel; INT4 Tensor Core is used via inference frameworks (CUTLASS/quantized paths), not standard dense GEMM APIs"
concurrent,0,NVIDIA GeForce RTX 5090,12.0,int8,INT8,INT32,INT32,4096,4096,4096,0.184224,0.185600,746.042630,TOPS,False,PASS,OK,cuBLASLt algo 21 layout=TN per-tensor scale,0,"actual=4096, expected=4096, tolerance=1e-06"
concurrent,0,NVIDIA GeForce RTX 5090,12.0,int8,INT8,INT32,INT32,8192,8192,8192,1.216864,1.367168,903.561644,TOPS,False,PASS,OK,cuBLASLt algo 21 layout=TN per-tensor scale,0,"actual=8192, expected=8192, tolerance=1e-06"
concurrent,0,NVIDIA GeForce RTX 5090,12.0,int8,INT8,INT32,INT32,16384,16384,16384,9.628352,9.716128,913.561622,TOPS,True,PASS,OK,cuBLASLt algo 21 layout=TN per-tensor scale,0,"actual=16384, expected=16384, tolerance=1e-06"
concurrent,0,NVIDIA GeForce RTX 5090,12.0,fp8_e4m3,FP8_E4M3,FP32,FP16,4096,4096,4096,0.200544,0.204768,685.330669,TFLOPS,False,PASS,OK,cuBLASLt algo 67 layout=TN per-tensor scale,0,"actual=1024, expected=1024, tolerance=30.72"
concurrent,0,NVIDIA GeForce RTX 5090,12.0,fp8_e4m3,FP8_E4M3,FP32,FP16,8192,8192,8192,1.403744,1.412640,783.270768,TFLOPS,True,PASS,OK,cuBLASLt algo 67 layout=TN per-tensor scale,0,"actual=2048, expected=2048, tolerance=61.44"
concurrent,0,NVIDIA GeForce RTX 5090,12.0,fp8_e4m3,FP8_E4M3,FP32,FP16,16384,16384,16384,11.553056,11.593952,761.365062,TFLOPS,False,PASS,OK,cuBLASLt algo 67 layout=TN per-tensor scale,0,"actual=4096, expected=4096, tolerance=122.88"
concurrent,0,NVIDIA GeForce RTX 5090,12.0,fp8_e5m2,FP8_E5M2,FP32,FP16,4096,4096,4096,0.000000,0.000000,0.000000,TFLOPS,False,NOT_RUN,UNSUPPORTED,,268435456,No cuBLASLt algorithm for fp8_e5m2 (CUBLAS_STATUS_NOT_SUPPORTED); cuBLASLt did not provide a kernel for this precision/layout on this GPU architecture
concurrent,0,NVIDIA GeForce RTX 5090,12.0,fp8_e5m2,FP8_E5M2,FP32,FP16,8192,8192,8192,0.000000,0.000000,0.000000,TFLOPS,False,NOT_RUN,UNSUPPORTED,,268435456,No cuBLASLt algorithm for fp8_e5m2 (CUBLAS_STATUS_NOT_SUPPORTED); cuBLASLt did not provide a kernel for this precision/layout on this GPU architecture
concurrent,0,NVIDIA GeForce RTX 5090,12.0,fp8_e5m2,FP8_E5M2,FP32,FP16,16384,16384,16384,0.000000,0.000000,0.000000,TFLOPS,False,NOT_RUN,UNSUPPORTED,,268435456,No cuBLASLt algorithm for fp8_e5m2 (CUBLAS_STATUS_NOT_SUPPORTED); cuBLASLt did not provide a kernel for this precision/layout on this GPU architecture
concurrent,0,NVIDIA GeForce RTX 5090,12.0,nvfp4,FP4_E2M1,FP32,BF16,4096,4096,4096,0.110304,0.111520,1246.001559,TFLOPS,False,PASS,OK,cuBLASLt NVFP4 block-scaled (VEC16_UE4M3) layout=TN,0,"actual=1024, expected=1024, tolerance=30.72"
concurrent,0,NVIDIA GeForce RTX 5090,12.0,nvfp4,FP4_E2M1,FP32,BF16,8192,8192,8192,0.680928,0.704672,1614.725259,TFLOPS,True,PASS,OK,cuBLASLt NVFP4 block-scaled (VEC16_UE4M3) layout=TN,0,"actual=2048, expected=2048, tolerance=61.44"
concurrent,0,NVIDIA GeForce RTX 5090,12.0,nvfp4,FP4_E2M1,FP32,BF16,16384,16384,16384,5.693664,5.839264,1544.891463,TFLOPS,False,PASS,OK,cuBLASLt NVFP4 block-scaled (VEC16_UE4M3) layout=TN,0,"actual=4096, expected=4096, tolerance=122.88"
concurrent,0,NVIDIA GeForce RTX 5090,12.0,int16,INT16,INT32,INT32,2048,2048,2048,1.671264,1.721600,10.279566,TOPS,False,PASS,OK,custom tiled 16x16 CUDA Core GEMM,0,"actual=2048, expected=2048, tolerance=1e-06; custom CUDA Core result, not an INT16 Tensor Core specification"
concurrent,0,NVIDIA GeForce RTX 5090,12.0,int16,INT16,INT32,INT32,4096,4096,4096,13.339648,13.346432,10.303042,TOPS,True,PASS,OK,custom tiled 16x16 CUDA Core GEMM,0,"actual=4096, expected=4096, tolerance=1e-06; custom CUDA Core result, not an INT16 Tensor Core specification"
concurrent,0,NVIDIA GeForce RTX 5090,12.0,int16,INT16,INT32,INT32,8192,8192,8192,115.216866,115.366302,9.542975,TOPS,False,PASS,OK,custom tiled 16x16 CUDA Core GEMM,0,"actual=8192, expected=8192, tolerance=1e-06; custom CUDA Core result, not an INT16 Tensor Core specification"
concurrent,0,NVIDIA GeForce RTX 5090,12.0,fp16,FP16,FP32,FP16,4096,4096,4096,0.589280,0.591840,233.231997,TFLOPS,False,PASS,OK,cuBLASLt algo 21 layout=NN per-tensor scale,0,"actual=1024, expected=1024, tolerance=30.72"
concurrent,0,NVIDIA GeForce RTX 5090,12.0,fp16,FP16,FP32,FP16,8192,8192,8192,4.433152,4.437696,248.020275,TFLOPS,False,PASS,OK,cuBLASLt algo 21 layout=NN per-tensor scale,0,"actual=2048, expected=2048, tolerance=61.44"
concurrent,0,NVIDIA GeForce RTX 5090,12.0,fp16,FP16,FP32,FP16,16384,16384,16384,34.602623,34.611198,254.203071,TFLOPS,True,PASS,OK,cuBLASLt algo 21 layout=NN per-tensor scale,0,"actual=4096, expected=4096, tolerance=122.88"
concurrent,0,NVIDIA GeForce RTX 5090,12.0,bf16,BF16,FP32,BF16,4096,4096,4096,0.585920,0.588096,234.569496,TFLOPS,False,PASS,OK,cuBLASLt algo 21 layout=NN per-tensor scale,0,"actual=1024, expected=1024, tolerance=30.72"
concurrent,0,NVIDIA GeForce RTX 5090,12.0,bf16,BF16,FP32,BF16,8192,8192,8192,4.459616,4.463232,246.548488,TFLOPS,False,PASS,OK,cuBLASLt algo 21 layout=NN per-tensor scale,0,"actual=2048, expected=2048, tolerance=61.44"
concurrent,0,NVIDIA GeForce RTX 5090,12.0,bf16,BF16,FP32,BF16,16384,16384,16384,34.781921,34.795040,252.892672,TFLOPS,True,PASS,OK,cuBLASLt algo 21 layout=NN per-tensor scale,0,"actual=4096, expected=4096, tolerance=122.88"
concurrent,0,NVIDIA GeForce RTX 5090,12.0,tf32,FP32,FP32,FP32,4096,4096,4096,1.221824,1.223616,112.486698,TFLOPS,False,PASS,OK,cuBLASLt algo 21 layout=NN per-tensor scale,4096,"actual=1024, expected=1024, tolerance=30.72"
concurrent,0,NVIDIA GeForce RTX 5090,12.0,tf32,FP32,FP32,FP32,8192,8192,8192,8.997312,9.000768,122.204463,TFLOPS,False,PASS,OK,cuBLASLt algo 21 layout=NN per-tensor scale,0,"actual=2048, expected=2048, tolerance=61.44"
concurrent,0,NVIDIA GeForce RTX 5090,12.0,tf32,FP32,FP32,FP32,12288,12288,12288,29.569599,29.578527,125.495504,TFLOPS,True,PASS,OK,cuBLASLt algo 21 layout=NN per-tensor scale,18432,"actual=3072, expected=3072, tolerance=92.16"
concurrent,0,NVIDIA GeForce RTX 5090,12.0,fp32,FP32,FP32,FP32,4096,4096,4096,1.749216,1.770272,78.571747,TFLOPS,False,PASS,OK,cuBLASLt algo 20 layout=NN per-tensor scale,2048,"actual=1024, expected=1024, tolerance=0.01024"
concurrent,0,NVIDIA GeForce RTX 5090,12.0,fp32,FP32,FP32,FP32,8192,8192,8192,13.212736,13.336064,83.216044,TFLOPS,True,PASS,OK,cuBLASLt algo 20 layout=NN per-tensor scale,8192,"actual=2048, expected=2048, tolerance=0.02048"
concurrent,0,NVIDIA GeForce RTX 5090,12.0,fp32,FP32,FP32,FP32,12288,12288,12288,45.445824,45.481312,81.654406,TFLOPS,False,PASS,OK,cuBLASLt algo 20 layout=NN per-tensor scale,18432,"actual=3072, expected=3072, tolerance=0.03072"
concurrent,0,NVIDIA GeForce RTX 5090,12.0,fp64,FP64,FP64,FP64,2048,2048,2048,10.011968,10.015584,1.715933,TFLOPS,False,PASS,OK,cuBLASLt algo 22 layout=NN per-tensor scale,0,"actual=512, expected=512, tolerance=1e-06"
concurrent,0,NVIDIA GeForce RTX 5090,12.0,fp64,FP64,FP64,FP64,4096,4096,4096,78.372993,78.380768,1.753652,TFLOPS,False,PASS,OK,cuBLASLt algo 22 layout=NN per-tensor scale,0,"actual=1024, expected=1024, tolerance=1e-06"
concurrent,0,NVIDIA GeForce RTX 5090,12.0,fp64,FP64,FP64,FP64,6144,6144,6144,261.416931,261.440491,1.774393,TFLOPS,True,PASS,OK,cuBLASLt algo 22 layout=NN per-tensor scale,0,"actual=1536, expected=1536, tolerance=1e-06"
concurrent,1,NVIDIA GeForce RTX 5090,12.0,int4,,,,0,0,0,0.000000,0.000000,0.000000,,False,NOT_RUN,UNSUPPORTED,,0,"cuBLASLt does not provide a dense INT4 GEMM kernel; INT4 Tensor Core is used via inference frameworks (CUTLASS/quantized paths), not standard dense GEMM APIs"
concurrent,1,NVIDIA GeForce RTX 5090,12.0,int8,INT8,INT32,INT32,4096,4096,4096,0.185248,0.186624,741.918680,TOPS,False,PASS,OK,cuBLASLt algo 21 layout=TN per-tensor scale,0,"actual=4096, expected=4096, tolerance=1e-06"
concurrent,1,NVIDIA GeForce RTX 5090,12.0,int8,INT8,INT32,INT32,8192,8192,8192,1.313792,1.340032,836.899323,TOPS,False,PASS,OK,cuBLASLt algo 21 layout=TN per-tensor scale,0,"actual=8192, expected=8192, tolerance=1e-06"
concurrent,1,NVIDIA GeForce RTX 5090,12.0,int8,INT8,INT32,INT32,16384,16384,16384,9.651648,9.656896,911.356632,TOPS,True,PASS,OK,cuBLASLt algo 21 layout=TN per-tensor scale,0,"actual=16384, expected=16384, tolerance=1e-06"
concurrent,1,NVIDIA GeForce RTX 5090,12.0,fp8_e4m3,FP8_E4M3,FP32,FP16,4096,4096,4096,0.313504,0.316000,438.396157,TFLOPS,False,PASS,OK,cuBLASLt algo 35 layout=TN per-tensor scale,67125407,"actual=1024, expected=1024, tolerance=30.72"
concurrent,1,NVIDIA GeForce RTX 5090,12.0,fp8_e4m3,FP8_E4M3,FP32,FP16,8192,8192,8192,0.000000,0.000000,0.000000,TFLOPS,False,NOT_RUN,UNSUPPORTED,,268435456,All cuBLASLt heuristic algorithms failed
concurrent,1,NVIDIA GeForce RTX 5090,12.0,fp8_e4m3,FP8_E4M3,FP32,FP16,16384,16384,16384,18.410175,18.420256,477.784316,TFLOPS,True,PASS,OK,cuBLASLt algo 67 layout=TN per-tensor scale,0,"actual=4096, expected=4096, tolerance=122.88"
concurrent,1,NVIDIA GeForce RTX 5090,12.0,fp8_e5m2,FP8_E5M2,FP32,FP16,4096,4096,4096,0.000000,0.000000,0.000000,TFLOPS,False,NOT_RUN,UNSUPPORTED,,268435456,No cuBLASLt algorithm for fp8_e5m2 (CUBLAS_STATUS_NOT_SUPPORTED); cuBLASLt did not provide a kernel for this precision/layout on this GPU architecture
concurrent,1,NVIDIA GeForce RTX 5090,12.0,fp8_e5m2,FP8_E5M2,FP32,FP16,8192,8192,8192,0.000000,0.000000,0.000000,TFLOPS,False,NOT_RUN,UNSUPPORTED,,268435456,No cuBLASLt algorithm for fp8_e5m2 (CUBLAS_STATUS_NOT_SUPPORTED); cuBLASLt did not provide a kernel for this precision/layout on this GPU architecture
concurrent,1,NVIDIA GeForce RTX 5090,12.0,fp8_e5m2,FP8_E5M2,FP32,FP16,16384,16384,16384,0.000000,0.000000,0.000000,TFLOPS,False,NOT_RUN,UNSUPPORTED,,268435456,No cuBLASLt algorithm for fp8_e5m2 (CUBLAS_STATUS_NOT_SUPPORTED); cuBLASLt did not provide a kernel for this precision/layout on this GPU architecture
concurrent,1,NVIDIA GeForce RTX 5090,12.0,nvfp4,FP4_E2M1,FP32,BF16,4096,4096,4096,0.104800,0.106048,1311.440386,TFLOPS,False,PASS,OK,cuBLASLt NVFP4 block-scaled (VEC16_UE4M3) layout=TN,0,"actual=1024, expected=1024, tolerance=30.72"
concurrent,1,NVIDIA GeForce RTX 5090,12.0,nvfp4,FP4_E2M1,FP32,BF16,8192,8192,8192,0.679456,0.681472,1618.223454,TFLOPS,True,PASS,OK,cuBLASLt NVFP4 block-scaled (VEC16_UE4M3) layout=TN,0,"actual=2048, expected=2048, tolerance=61.44"
concurrent,1,NVIDIA GeForce RTX 5090,12.0,nvfp4,FP4_E2M1,FP32,BF16,16384,16384,16384,5.468896,5.503584,1608.385525,TFLOPS,False,PASS,OK,cuBLASLt NVFP4 block-scaled (VEC16_UE4M3) layout=TN,0,"actual=4096, expected=4096, tolerance=122.88"
concurrent,1,NVIDIA GeForce RTX 5090,12.0,int16,INT16,INT32,INT32,2048,2048,2048,1.678784,1.694112,10.233520,TOPS,True,PASS,OK,custom tiled 16x16 CUDA Core GEMM,0,"actual=2048, expected=2048, tolerance=1e-06; custom CUDA Core result, not an INT16 Tensor Core specification"
concurrent,1,NVIDIA GeForce RTX 5090,12.0,int16,INT16,INT32,INT32,4096,4096,4096,13.436224,13.445120,10.228986,TOPS,False,PASS,OK,custom tiled 16x16 CUDA Core GEMM,0,"actual=4096, expected=4096, tolerance=1e-06; custom CUDA Core result, not an INT16 Tensor Core specification"
concurrent,1,NVIDIA GeForce RTX 5090,12.0,int16,INT16,INT32,INT32,8192,8192,8192,114.163490,114.278656,9.631027,TOPS,False,PASS,OK,custom tiled 16x16 CUDA Core GEMM,0,"actual=8192, expected=8192, tolerance=1e-06; custom CUDA Core result, not an INT16 Tensor Core specification"
concurrent,1,NVIDIA GeForce RTX 5090,12.0,fp16,FP16,FP32,FP16,4096,4096,4096,0.593088,0.594816,231.734515,TFLOPS,False,PASS,OK,cuBLASLt algo 21 layout=NN per-tensor scale,0,"actual=1024, expected=1024, tolerance=30.72"
concurrent,1,NVIDIA GeForce RTX 5090,12.0,fp16,FP16,FP32,FP16,8192,8192,8192,4.464416,4.468448,246.283416,TFLOPS,False,PASS,OK,cuBLASLt algo 21 layout=NN per-tensor scale,0,"actual=2048, expected=2048, tolerance=61.44"
concurrent,1,NVIDIA GeForce RTX 5090,12.0,fp16,FP16,FP32,FP16,16384,16384,16384,34.858208,34.869823,252.339222,TFLOPS,True,PASS,OK,cuBLASLt algo 21 layout=NN per-tensor scale,0,"actual=4096, expected=4096, tolerance=122.88"
concurrent,1,NVIDIA GeForce RTX 5090,12.0,bf16,BF16,FP32,BF16,4096,4096,4096,0.597024,0.598880,230.206739,TFLOPS,False,PASS,OK,cuBLASLt algo 21 layout=NN per-tensor scale,0,"actual=1024, expected=1024, tolerance=30.72"
concurrent,1,NVIDIA GeForce RTX 5090,12.0,bf16,BF16,FP32,BF16,8192,8192,8192,4.469984,4.473600,245.976633,TFLOPS,False,PASS,OK,cuBLASLt algo 21 layout=NN per-tensor scale,0,"actual=2048, expected=2048, tolerance=61.44"
concurrent,1,NVIDIA GeForce RTX 5090,12.0,bf16,BF16,FP32,BF16,16384,16384,16384,35.061344,35.068352,250.877233,TFLOPS,True,PASS,OK,cuBLASLt algo 21 layout=NN per-tensor scale,0,"actual=4096, expected=4096, tolerance=122.88"
concurrent,1,NVIDIA GeForce RTX 5090,12.0,tf32,FP32,FP32,FP32,4096,4096,4096,1.227904,1.231296,111.929726,TFLOPS,False,PASS,OK,cuBLASLt algo 21 layout=NN per-tensor scale,4096,"actual=1024, expected=1024, tolerance=30.72"
concurrent,1,NVIDIA GeForce RTX 5090,12.0,tf32,FP32,FP32,FP32,8192,8192,8192,9.012800,9.020736,121.994452,TFLOPS,False,PASS,OK,cuBLASLt algo 21 layout=NN per-tensor scale,16384,"actual=2048, expected=2048, tolerance=61.44"
concurrent,1,NVIDIA GeForce RTX 5090,12.0,tf32,FP32,FP32,FP32,12288,12288,12288,29.678017,29.683231,125.037053,TFLOPS,True,PASS,OK,cuBLASLt algo 21 layout=NN per-tensor scale,18432,"actual=3072, expected=3072, tolerance=92.16"
concurrent,1,NVIDIA GeForce RTX 5090,12.0,fp32,FP32,FP32,FP32,4096,4096,4096,1.760448,1.770528,78.070443,TFLOPS,False,PASS,OK,cuBLASLt algo 20 layout=NN per-tensor scale,2048,"actual=1024, expected=1024, tolerance=0.01024"
concurrent,1,NVIDIA GeForce RTX 5090,12.0,fp32,FP32,FP32,FP32,8192,8192,8192,13.267264,13.339360,82.874027,TFLOPS,True,PASS,OK,cuBLASLt algo 20 layout=NN per-tensor scale,8192,"actual=2048, expected=2048, tolerance=0.02048"
concurrent,1,NVIDIA GeForce RTX 5090,12.0,fp32,FP32,FP32,FP32,12288,12288,12288,45.133598,45.367935,82.219275,TFLOPS,False,PASS,OK,cuBLASLt algo 20 layout=NN per-tensor scale,0,"actual=3072, expected=3072, tolerance=0.03072"
concurrent,1,NVIDIA GeForce RTX 5090,12.0,fp64,FP64,FP64,FP64,2048,2048,2048,10.094496,10.098304,1.701905,TFLOPS,False,PASS,OK,cuBLASLt algo 22 layout=NN per-tensor scale,0,"actual=512, expected=512, tolerance=1e-06"
concurrent,1,NVIDIA GeForce RTX 5090,12.0,fp64,FP64,FP64,FP64,4096,4096,4096,79.010590,79.017632,1.739500,TFLOPS,False,PASS,OK,cuBLASLt algo 22 layout=NN per-tensor scale,0,"actual=1024, expected=1024, tolerance=1e-06"
concurrent,1,NVIDIA GeForce RTX 5090,12.0,fp64,FP64,FP64,FP64,6144,6144,6144,263.554840,263.578400,1.760000,TFLOPS,True,PASS,OK,cuBLASLt algo 22 layout=NN per-tensor scale,0,"actual=1536, expected=1536, tolerance=1e-06"
concurrent,2,NVIDIA GeForce RTX 5090,12.0,int4,,,,0,0,0,0.000000,0.000000,0.000000,,False,NOT_RUN,UNSUPPORTED,,0,"cuBLASLt does not provide a dense INT4 GEMM kernel; INT4 Tensor Core is used via inference frameworks (CUTLASS/quantized paths), not standard dense GEMM APIs"
concurrent,2,NVIDIA GeForce RTX 5090,12.0,int8,INT8,INT32,INT32,4096,4096,4096,0.188160,0.188544,730.436606,TOPS,False,PASS,OK,cuBLASLt algo 21 layout=TN per-tensor scale,0,"actual=4096, expected=4096, tolerance=1e-06"
concurrent,2,NVIDIA GeForce RTX 5090,12.0,int8,INT8,INT32,INT32,8192,8192,8192,1.223904,1.262400,898.364263,TOPS,False,PASS,OK,cuBLASLt algo 21 layout=TN per-tensor scale,0,"actual=8192, expected=8192, tolerance=1e-06"
concurrent,2,NVIDIA GeForce RTX 5090,12.0,int8,INT8,INT32,INT32,16384,16384,16384,9.669568,9.678752,909.667626,TOPS,True,PASS,OK,cuBLASLt algo 21 layout=TN per-tensor scale,0,"actual=16384, expected=16384, tolerance=1e-06"
concurrent,2,NVIDIA GeForce RTX 5090,12.0,fp8_e4m3,FP8_E4M3,FP32,FP16,4096,4096,4096,0.303584,0.306272,452.721320,TFLOPS,False,PASS,OK,cuBLASLt algo 35 layout=TN per-tensor scale,67125407,"actual=1024, expected=1024, tolerance=30.72"
concurrent,2,NVIDIA GeForce RTX 5090,12.0,fp8_e4m3,FP8_E4M3,FP32,FP16,8192,8192,8192,0.000000,0.000000,0.000000,TFLOPS,False,NOT_RUN,UNSUPPORTED,,268435456,All cuBLASLt heuristic algorithms failed
concurrent,2,NVIDIA GeForce RTX 5090,12.0,fp8_e4m3,FP8_E4M3,FP32,FP16,16384,16384,16384,18.511393,18.573408,475.171869,TFLOPS,True,PASS,OK,cuBLASLt algo 67 layout=TN per-tensor scale,0,"actual=4096, expected=4096, tolerance=122.88"
concurrent,2,NVIDIA GeForce RTX 5090,12.0,fp8_e5m2,FP8_E5M2,FP32,FP16,4096,4096,4096,0.000000,0.000000,0.000000,TFLOPS,False,NOT_RUN,UNSUPPORTED,,268435456,No cuBLASLt algorithm for fp8_e5m2 (CUBLAS_STATUS_NOT_SUPPORTED); cuBLASLt did not provide a kernel for this precision/layout on this GPU architecture
concurrent,2,NVIDIA GeForce RTX 5090,12.0,fp8_e5m2,FP8_E5M2,FP32,FP16,8192,8192,8192,0.000000,0.000000,0.000000,TFLOPS,False,NOT_RUN,UNSUPPORTED,,268435456,No cuBLASLt algorithm for fp8_e5m2 (CUBLAS_STATUS_NOT_SUPPORTED); cuBLASLt did not provide a kernel for this precision/layout on this GPU architecture
concurrent,2,NVIDIA GeForce RTX 5090,12.0,fp8_e5m2,FP8_E5M2,FP32,FP16,16384,16384,16384,0.000000,0.000000,0.000000,TFLOPS,False,NOT_RUN,UNSUPPORTED,,268435456,No cuBLASLt algorithm for fp8_e5m2 (CUBLAS_STATUS_NOT_SUPPORTED); cuBLASLt did not provide a kernel for this precision/layout on this GPU architecture
concurrent,2,NVIDIA GeForce RTX 5090,12.0,nvfp4,FP4_E2M1,FP32,BF16,4096,4096,4096,0.105856,0.107232,1298.357690,TFLOPS,False,PASS,OK,cuBLASLt NVFP4 block-scaled (VEC16_UE4M3) layout=TN,0,"actual=1024, expected=1024, tolerance=30.72"
concurrent,2,NVIDIA GeForce RTX 5090,12.0,nvfp4,FP4_E2M1,FP32,BF16,8192,8192,8192,0.685280,0.687136,1604.470563,TFLOPS,False,PASS,OK,cuBLASLt NVFP4 block-scaled (VEC16_UE4M3) layout=TN,0,"actual=2048, expected=2048, tolerance=61.44"
concurrent,2,NVIDIA GeForce RTX 5090,12.0,nvfp4,FP4_E2M1,FP32,BF16,16384,16384,16384,5.384032,5.395072,1633.737205,TFLOPS,True,PASS,OK,cuBLASLt NVFP4 block-scaled (VEC16_UE4M3) layout=TN,0,"actual=4096, expected=4096, tolerance=122.88"
concurrent,2,NVIDIA GeForce RTX 5090,12.0,int16,INT16,INT32,INT32,2048,2048,2048,1.701504,1.704480,10.096873,TOPS,False,PASS,OK,custom tiled 16x16 CUDA Core GEMM,0,"actual=2048, expected=2048, tolerance=1e-06; custom CUDA Core result, not an INT16 Tensor Core specification"
concurrent,2,NVIDIA GeForce RTX 5090,12.0,int16,INT16,INT32,INT32,4096,4096,4096,13.482240,13.493472,10.194074,TOPS,True,PASS,OK,custom tiled 16x16 CUDA Core GEMM,0,"actual=4096, expected=4096, tolerance=1e-06; custom CUDA Core result, not an INT16 Tensor Core specification"
concurrent,2,NVIDIA GeForce RTX 5090,12.0,int16,INT16,INT32,INT32,8192,8192,8192,115.479202,115.543167,9.521296,TOPS,False,PASS,OK,custom tiled 16x16 CUDA Core GEMM,0,"actual=8192, expected=8192, tolerance=1e-06; custom CUDA Core result, not an INT16 Tensor Core specification"
concurrent,2,NVIDIA GeForce RTX 5090,12.0,fp16,FP16,FP32,FP16,4096,4096,4096,0.595232,0.597024,230.899802,TFLOPS,False,PASS,OK,cuBLASLt algo 21 layout=NN per-tensor scale,0,"actual=1024, expected=1024, tolerance=30.72"
concurrent,2,NVIDIA GeForce RTX 5090,12.0,fp16,FP16,FP32,FP16,8192,8192,8192,4.478976,4.485920,245.482825,TFLOPS,False,PASS,OK,cuBLASLt algo 21 layout=NN per-tensor scale,0,"actual=2048, expected=2048, tolerance=61.44"
concurrent,2,NVIDIA GeForce RTX 5090,12.0,fp16,FP16,FP32,FP16,16384,16384,16384,34.971615,34.979298,251.520928,TFLOPS,True,PASS,OK,cuBLASLt algo 21 layout=NN per-tensor scale,0,"actual=4096, expected=4096, tolerance=122.88"
concurrent,2,NVIDIA GeForce RTX 5090,12.0,bf16,BF16,FP32,BF16,4096,4096,4096,0.600192,0.602144,228.991641,TFLOPS,False,PASS,OK,cuBLASLt algo 21 layout=NN per-tensor scale,0,"actual=1024, expected=1024, tolerance=30.72"
concurrent,2,NVIDIA GeForce RTX 5090,12.0,bf16,BF16,FP32,BF16,8192,8192,8192,4.484544,4.494016,245.178033,TFLOPS,False,PASS,OK,cuBLASLt algo 21 layout=NN per-tensor scale,0,"actual=2048, expected=2048, tolerance=61.44"
concurrent,2,NVIDIA GeForce RTX 5090,12.0,bf16,BF16,FP32,BF16,16384,16384,16384,35.172863,35.179134,250.081804,TFLOPS,True,PASS,OK,cuBLASLt algo 21 layout=NN per-tensor scale,0,"actual=4096, expected=4096, tolerance=122.88"
concurrent,2,NVIDIA GeForce RTX 5090,12.0,tf32,FP32,FP32,FP32,4096,4096,4096,1.235040,1.236800,111.283002,TFLOPS,False,PASS,OK,cuBLASLt algo 21 layout=NN per-tensor scale,4096,"actual=1024, expected=1024, tolerance=30.72"
concurrent,2,NVIDIA GeForce RTX 5090,12.0,tf32,FP32,FP32,FP32,8192,8192,8192,9.086816,9.093920,121.000761,TFLOPS,False,PASS,OK,cuBLASLt algo 21 layout=NN per-tensor scale,8192,"actual=2048, expected=2048, tolerance=61.44"
concurrent,2,NVIDIA GeForce RTX 5090,12.0,tf32,FP32,FP32,FP32,12288,12288,12288,30.024736,30.032480,123.593150,TFLOPS,True,PASS,OK,cuBLASLt algo 21 layout=NN per-tensor scale,0,"actual=3072, expected=3072, tolerance=92.16"
concurrent,2,NVIDIA GeForce RTX 5090,12.0,fp32,FP32,FP32,FP32,4096,4096,4096,1.774848,1.802272,77.437028,TFLOPS,False,PASS,OK,cuBLASLt algo 20 layout=NN per-tensor scale,2048,"actual=1024, expected=1024, tolerance=0.01024"
concurrent,2,NVIDIA GeForce RTX 5090,12.0,fp32,FP32,FP32,FP32,8192,8192,8192,13.329600,13.395456,82.486466,TFLOPS,True,PASS,OK,cuBLASLt algo 20 layout=NN per-tensor scale,8192,"actual=2048, expected=2048, tolerance=0.02048"
concurrent,2,NVIDIA GeForce RTX 5090,12.0,fp32,FP32,FP32,FP32,12288,12288,12288,45.494816,45.562145,81.566475,TFLOPS,False,PASS,OK,cuBLASLt algo 20 layout=NN per-tensor scale,18432,"actual=3072, expected=3072, tolerance=0.03072"
concurrent,2,NVIDIA GeForce RTX 5090,12.0,fp64,FP64,FP64,FP64,2048,2048,2048,10.113312,10.115808,1.698738,TFLOPS,False,PASS,OK,cuBLASLt algo 22 layout=NN per-tensor scale,0,"actual=512, expected=512, tolerance=1e-06"
concurrent,2,NVIDIA GeForce RTX 5090,12.0,fp64,FP64,FP64,FP64,4096,4096,4096,79.153923,79.161308,1.736350,TFLOPS,False,PASS,OK,cuBLASLt algo 22 layout=NN per-tensor scale,0,"actual=1024, expected=1024, tolerance=1e-06"
concurrent,2,NVIDIA GeForce RTX 5090,12.0,fp64,FP64,FP64,FP64,6144,6144,6144,264.012512,264.027710,1.756949,TFLOPS,True,PASS,OK,cuBLASLt algo 22 layout=NN per-tensor scale,0,"actual=1536, expected=1536, tolerance=1e-06"
concurrent,3,NVIDIA GeForce RTX 5090,12.0,int4,,,,0,0,0,0.000000,0.000000,0.000000,,False,NOT_RUN,UNSUPPORTED,,0,"cuBLASLt does not provide a dense INT4 GEMM kernel; INT4 Tensor Core is used via inference frameworks (CUTLASS/quantized paths), not standard dense GEMM APIs"
concurrent,3,NVIDIA GeForce RTX 5090,12.0,int8,INT8,INT32,INT32,4096,4096,4096,0.185920,0.187264,739.237056,TOPS,False,PASS,OK,cuBLASLt algo 21 layout=TN per-tensor scale,0,"actual=4096, expected=4096, tolerance=1e-06"
concurrent,3,NVIDIA GeForce RTX 5090,12.0,int8,INT8,INT32,INT32,8192,8192,8192,1.257792,1.271968,874.160140,TOPS,False,PASS,OK,cuBLASLt algo 21 layout=TN per-tensor scale,0,"actual=8192, expected=8192, tolerance=1e-06"
concurrent,3,NVIDIA GeForce RTX 5090,12.0,int8,INT8,INT32,INT32,16384,16384,16384,9.649760,9.655008,911.534877,TOPS,True,PASS,OK,cuBLASLt algo 21 layout=TN per-tensor scale,0,"actual=16384, expected=16384, tolerance=1e-06"
concurrent,3,NVIDIA GeForce RTX 5090,12.0,fp8_e4m3,FP8_E4M3,FP32,FP16,4096,4096,4096,0.309248,0.310688,444.429562,TFLOPS,False,PASS,OK,cuBLASLt algo 35 layout=TN per-tensor scale,67125407,"actual=1024, expected=1024, tolerance=30.72"
concurrent,3,NVIDIA GeForce RTX 5090,12.0,fp8_e4m3,FP8_E4M3,FP32,FP16,8192,8192,8192,0.000000,0.000000,0.000000,TFLOPS,False,NOT_RUN,UNSUPPORTED,,268435456,All cuBLASLt heuristic algorithms failed
concurrent,3,NVIDIA GeForce RTX 5090,12.0,fp8_e4m3,FP8_E4M3,FP32,FP16,16384,16384,16384,18.339840,18.348736,479.616673,TFLOPS,True,PASS,OK,cuBLASLt algo 67 layout=TN per-tensor scale,0,"actual=4096, expected=4096, tolerance=122.88"
concurrent,3,NVIDIA GeForce RTX 5090,12.0,fp8_e5m2,FP8_E5M2,FP32,FP16,4096,4096,4096,0.000000,0.000000,0.000000,TFLOPS,False,NOT_RUN,UNSUPPORTED,,268435456,No cuBLASLt algorithm for fp8_e5m2 (CUBLAS_STATUS_NOT_SUPPORTED); cuBLASLt did not provide a kernel for this precision/layout on this GPU architecture
concurrent,3,NVIDIA GeForce RTX 5090,12.0,fp8_e5m2,FP8_E5M2,FP32,FP16,8192,8192,8192,0.000000,0.000000,0.000000,TFLOPS,False,NOT_RUN,UNSUPPORTED,,268435456,No cuBLASLt algorithm for fp8_e5m2 (CUBLAS_STATUS_NOT_SUPPORTED); cuBLASLt did not provide a kernel for this precision/layout on this GPU architecture
concurrent,3,NVIDIA GeForce RTX 5090,12.0,fp8_e5m2,FP8_E5M2,FP32,FP16,16384,16384,16384,0.000000,0.000000,0.000000,TFLOPS,False,NOT_RUN,UNSUPPORTED,,268435456,No cuBLASLt algorithm for fp8_e5m2 (CUBLAS_STATUS_NOT_SUPPORTED); cuBLASLt did not provide a kernel for this precision/layout on this GPU architecture
concurrent,3,NVIDIA GeForce RTX 5090,12.0,nvfp4,FP4_E2M1,FP32,BF16,4096,4096,4096,0.105440,0.106400,1303.480233,TFLOPS,False,PASS,OK,cuBLASLt NVFP4 block-scaled (VEC16_UE4M3) layout=TN,0,"actual=1024, expected=1024, tolerance=30.72"
concurrent,3,NVIDIA GeForce RTX 5090,12.0,nvfp4,FP4_E2M1,FP32,BF16,8192,8192,8192,0.678816,0.680480,1619.749085,TFLOPS,True,PASS,OK,cuBLASLt NVFP4 block-scaled (VEC16_UE4M3) layout=TN,0,"actual=2048, expected=2048, tolerance=61.44"
concurrent,3,NVIDIA GeForce RTX 5090,12.0,nvfp4,FP4_E2M1,FP32,BF16,16384,16384,16384,5.670944,5.710080,1551.080859,TFLOPS,False,PASS,OK,cuBLASLt NVFP4 block-scaled (VEC16_UE4M3) layout=TN,0,"actual=4096, expected=4096, tolerance=122.88"
concurrent,3,NVIDIA GeForce RTX 5090,12.0,int16,INT16,INT32,INT32,2048,2048,2048,1.680800,1.729952,10.221246,TOPS,False,PASS,OK,custom tiled 16x16 CUDA Core GEMM,0,"actual=2048, expected=2048, tolerance=1e-06; custom CUDA Core result, not an INT16 Tensor Core specification"
concurrent,3,NVIDIA GeForce RTX 5090,12.0,int16,INT16,INT32,INT32,4096,4096,4096,13.315104,13.324384,10.322034,TOPS,True,PASS,OK,custom tiled 16x16 CUDA Core GEMM,0,"actual=4096, expected=4096, tolerance=1e-06; custom CUDA Core result, not an INT16 Tensor Core specification"
concurrent,3,NVIDIA GeForce RTX 5090,12.0,int16,INT16,INT32,INT32,8192,8192,8192,113.258820,113.304222,9.707956,TOPS,False,PASS,OK,custom tiled 16x16 CUDA Core GEMM,0,"actual=8192, expected=8192, tolerance=1e-06; custom CUDA Core result, not an INT16 Tensor Core specification"
concurrent,3,NVIDIA GeForce RTX 5090,12.0,fp16,FP16,FP32,FP16,4096,4096,4096,0.590368,0.591648,232.802184,TFLOPS,False,PASS,OK,cuBLASLt algo 21 layout=NN per-tensor scale,0,"actual=1024, expected=1024, tolerance=30.72"
concurrent,3,NVIDIA GeForce RTX 5090,12.0,fp16,FP16,FP32,FP16,8192,8192,8192,4.470912,4.476128,245.925581,TFLOPS,False,PASS,OK,cuBLASLt algo 21 layout=NN per-tensor scale,0,"actual=2048, expected=2048, tolerance=61.44"
concurrent,3,NVIDIA GeForce RTX 5090,12.0,fp16,FP16,FP32,FP16,16384,16384,16384,34.907967,34.922302,251.979530,TFLOPS,True,PASS,OK,cuBLASLt algo 21 layout=NN per-tensor scale,0,"actual=4096, expected=4096, tolerance=122.88"
concurrent,3,NVIDIA GeForce RTX 5090,12.0,bf16,BF16,FP32,BF16,4096,4096,4096,0.591872,0.597216,232.210611,TFLOPS,False,PASS,OK,cuBLASLt algo 21 layout=NN per-tensor scale,0,"actual=1024, expected=1024, tolerance=30.72"
concurrent,3,NVIDIA GeForce RTX 5090,12.0,bf16,BF16,FP32,BF16,8192,8192,8192,4.475168,4.481024,245.691686,TFLOPS,False,PASS,OK,cuBLASLt algo 21 layout=NN per-tensor scale,0,"actual=2048, expected=2048, tolerance=61.44"
concurrent,3,NVIDIA GeForce RTX 5090,12.0,bf16,BF16,FP32,BF16,16384,16384,16384,34.944962,34.950687,251.712769,TFLOPS,True,PASS,OK,cuBLASLt algo 21 layout=NN per-tensor scale,0,"actual=4096, expected=4096, tolerance=122.88"
concurrent,3,NVIDIA GeForce RTX 5090,12.0,tf32,FP32,FP32,FP32,4096,4096,4096,1.228928,1.229984,111.836460,TFLOPS,False,PASS,OK,cuBLASLt algo 21 layout=NN per-tensor scale,4096,"actual=1024, expected=1024, tolerance=30.72"
concurrent,3,NVIDIA GeForce RTX 5090,12.0,tf32,FP32,FP32,FP32,8192,8192,8192,9.025888,9.033216,121.817551,TFLOPS,False,PASS,OK,cuBLASLt algo 21 layout=NN per-tensor scale,8192,"actual=2048, expected=2048, tolerance=61.44"
concurrent,3,NVIDIA GeForce RTX 5090,12.0,tf32,FP32,FP32,FP32,12288,12288,12288,29.706495,29.711807,124.917184,TFLOPS,True,PASS,OK,cuBLASLt algo 21 layout=NN per-tensor scale,18432,"actual=3072, expected=3072, tolerance=92.16"
concurrent,3,NVIDIA GeForce RTX 5090,12.0,fp32,FP32,FP32,FP32,4096,4096,4096,1.728384,1.763200,79.518760,TFLOPS,False,PASS,OK,cuBLASLt algo 20 layout=NN per-tensor scale,2048,"actual=1024, expected=1024, tolerance=0.01024"
concurrent,3,NVIDIA GeForce RTX 5090,12.0,fp32,FP32,FP32,FP32,8192,8192,8192,13.187328,13.243968,83.376375,TFLOPS,True,PASS,OK,cuBLASLt algo 20 layout=NN per-tensor scale,8192,"actual=2048, expected=2048, tolerance=0.02048"
concurrent,3,NVIDIA GeForce RTX 5090,12.0,fp32,FP32,FP32,FP32,12288,12288,12288,45.350689,45.512737,81.825697,TFLOPS,False,PASS,OK,cuBLASLt algo 20 layout=NN per-tensor scale,0,"actual=3072, expected=3072, tolerance=0.03072"
concurrent,3,NVIDIA GeForce RTX 5090,12.0,fp64,FP64,FP64,FP64,2048,2048,2048,10.085920,10.088448,1.703352,TFLOPS,False,PASS,OK,cuBLASLt algo 22 layout=NN per-tensor scale,0,"actual=512, expected=512, tolerance=1e-06"
concurrent,3,NVIDIA GeForce RTX 5090,12.0,fp64,FP64,FP64,FP64,4096,4096,4096,78.939133,78.947968,1.741075,TFLOPS,False,PASS,OK,cuBLASLt algo 22 layout=NN per-tensor scale,0,"actual=1024, expected=1024, tolerance=1e-06"
concurrent,3,NVIDIA GeForce RTX 5090,12.0,fp64,FP64,FP64,FP64,6144,6144,6144,263.315979,263.347473,1.761596,TFLOPS,True,PASS,OK,cuBLASLt algo 22 layout=NN per-tensor scale,0,"actual=1536, expected=1536, tolerance=1e-06"
concurrent,4,NVIDIA GeForce RTX 5090,12.0,int4,,,,0,0,0,0.000000,0.000000,0.000000,,False,NOT_RUN,UNSUPPORTED,,0,"cuBLASLt does not provide a dense INT4 GEMM kernel; INT4 Tensor Core is used via inference frameworks (CUTLASS/quantized paths), not standard dense GEMM APIs"
concurrent,4,NVIDIA GeForce RTX 5090,12.0,int8,INT8,INT32,INT32,4096,4096,4096,0.188032,0.188256,730.933844,TOPS,False,PASS,OK,cuBLASLt algo 21 layout=TN per-tensor scale,0,"actual=4096, expected=4096, tolerance=1e-06"
concurrent,4,NVIDIA GeForce RTX 5090,12.0,int8,INT8,INT32,INT32,8192,8192,8192,1.225792,1.358240,896.980550,TOPS,False,PASS,OK,cuBLASLt algo 21 layout=TN per-tensor scale,0,"actual=8192, expected=8192, tolerance=1e-06"
concurrent,4,NVIDIA GeForce RTX 5090,12.0,int8,INT8,INT32,INT32,16384,16384,16384,9.688288,9.693216,907.909970,TOPS,True,PASS,OK,cuBLASLt algo 21 layout=TN per-tensor scale,0,"actual=16384, expected=16384, tolerance=1e-06"
concurrent,4,NVIDIA GeForce RTX 5090,12.0,fp8_e4m3,FP8_E4M3,FP32,FP16,4096,4096,4096,0.312352,0.313376,440.013039,TFLOPS,False,PASS,OK,cuBLASLt algo 35 layout=TN per-tensor scale,67125407,"actual=1024, expected=1024, tolerance=30.72"
concurrent,4,NVIDIA GeForce RTX 5090,12.0,fp8_e4m3,FP8_E4M3,FP32,FP16,8192,8192,8192,0.000000,0.000000,0.000000,TFLOPS,False,NOT_RUN,UNSUPPORTED,,268435456,All cuBLASLt heuristic algorithms failed
concurrent,4,NVIDIA GeForce RTX 5090,12.0,fp8_e4m3,FP8_E4M3,FP32,FP16,16384,16384,16384,18.377665,18.391487,478.629534,TFLOPS,True,PASS,OK,cuBLASLt algo 67 layout=TN per-tensor scale,0,"actual=4096, expected=4096, tolerance=122.88"
concurrent,4,NVIDIA GeForce RTX 5090,12.0,fp8_e5m2,FP8_E5M2,FP32,FP16,4096,4096,4096,0.000000,0.000000,0.000000,TFLOPS,False,NOT_RUN,UNSUPPORTED,,268435456,No cuBLASLt algorithm for fp8_e5m2 (CUBLAS_STATUS_NOT_SUPPORTED); cuBLASLt did not provide a kernel for this precision/layout on this GPU architecture
concurrent,4,NVIDIA GeForce RTX 5090,12.0,fp8_e5m2,FP8_E5M2,FP32,FP16,8192,8192,8192,0.000000,0.000000,0.000000,TFLOPS,False,NOT_RUN,UNSUPPORTED,,268435456,No cuBLASLt algorithm for fp8_e5m2 (CUBLAS_STATUS_NOT_SUPPORTED); cuBLASLt did not provide a kernel for this precision/layout on this GPU architecture
concurrent,4,NVIDIA GeForce RTX 5090,12.0,fp8_e5m2,FP8_E5M2,FP32,FP16,16384,16384,16384,0.000000,0.000000,0.000000,TFLOPS,False,NOT_RUN,UNSUPPORTED,,268435456,No cuBLASLt algorithm for fp8_e5m2 (CUBLAS_STATUS_NOT_SUPPORTED); cuBLASLt did not provide a kernel for this precision/layout on this GPU architecture
concurrent,4,NVIDIA GeForce RTX 5090,12.0,nvfp4,FP4_E2M1,FP32,BF16,4096,4096,4096,0.105120,0.106144,1307.448147,TFLOPS,False,PASS,OK,cuBLASLt NVFP4 block-scaled (VEC16_UE4M3) layout=TN,0,"actual=1024, expected=1024, tolerance=30.72"
concurrent,4,NVIDIA GeForce RTX 5090,12.0,nvfp4,FP4_E2M1,FP32,BF16,8192,8192,8192,0.685024,0.686688,1605.070174,TFLOPS,True,PASS,OK,cuBLASLt NVFP4 block-scaled (VEC16_UE4M3) layout=TN,0,"actual=2048, expected=2048, tolerance=61.44"
concurrent,4,NVIDIA GeForce RTX 5090,12.0,nvfp4,FP4_E2M1,FP32,BF16,16384,16384,16384,5.569760,5.591328,1579.258939,TFLOPS,False,PASS,OK,cuBLASLt NVFP4 block-scaled (VEC16_UE4M3) layout=TN,0,"actual=4096, expected=4096, tolerance=122.88"
concurrent,4,NVIDIA GeForce RTX 5090,12.0,int16,INT16,INT32,INT32,2048,2048,2048,1.678560,1.711040,10.234885,TOPS,False,PASS,OK,custom tiled 16x16 CUDA Core GEMM,0,"actual=2048, expected=2048, tolerance=1e-06; custom CUDA Core result, not an INT16 Tensor Core specification"
concurrent,4,NVIDIA GeForce RTX 5090,12.0,int16,INT16,INT32,INT32,4096,4096,4096,13.426400,13.431456,10.236471,TOPS,True,PASS,OK,custom tiled 16x16 CUDA Core GEMM,0,"actual=4096, expected=4096, tolerance=1e-06; custom CUDA Core result, not an INT16 Tensor Core specification"
concurrent,4,NVIDIA GeForce RTX 5090,12.0,int16,INT16,INT32,INT32,8192,8192,8192,114.247040,114.366722,9.623984,TOPS,False,PASS,OK,custom tiled 16x16 CUDA Core GEMM,0,"actual=8192, expected=8192, tolerance=1e-06; custom CUDA Core result, not an INT16 Tensor Core specification"
concurrent,4,NVIDIA GeForce RTX 5090,12.0,fp16,FP16,FP32,FP16,4096,4096,4096,0.600832,0.602272,228.747731,TFLOPS,False,PASS,OK,cuBLASLt algo 21 layout=NN per-tensor scale,0,"actual=1024, expected=1024, tolerance=30.72"
concurrent,4,NVIDIA GeForce RTX 5090,12.0,fp16,FP16,FP32,FP16,8192,8192,8192,4.462912,4.467488,246.366410,TFLOPS,False,PASS,OK,cuBLASLt algo 21 layout=NN per-tensor scale,0,"actual=2048, expected=2048, tolerance=61.44"
concurrent,4,NVIDIA GeForce RTX 5090,12.0,fp16,FP16,FP32,FP16,16384,16384,16384,34.827999,34.837280,252.558093,TFLOPS,True,PASS,OK,cuBLASLt algo 21 layout=NN per-tensor scale,0,"actual=4096, expected=4096, tolerance=122.88"
concurrent,4,NVIDIA GeForce RTX 5090,12.0,bf16,BF16,FP32,BF16,4096,4096,4096,0.598912,0.600928,229.481048,TFLOPS,False,PASS,OK,cuBLASLt algo 21 layout=NN per-tensor scale,0,"actual=1024, expected=1024, tolerance=30.72"
concurrent,4,NVIDIA GeForce RTX 5090,12.0,bf16,BF16,FP32,BF16,8192,8192,8192,4.465600,4.469408,246.218117,TFLOPS,False,PASS,OK,cuBLASLt algo 21 layout=NN per-tensor scale,0,"actual=2048, expected=2048, tolerance=61.44"
concurrent,4,NVIDIA GeForce RTX 5090,12.0,bf16,BF16,FP32,BF16,16384,16384,16384,35.017056,35.021759,251.194536,TFLOPS,True,PASS,OK,cuBLASLt algo 21 layout=NN per-tensor scale,0,"actual=4096, expected=4096, tolerance=122.88"
concurrent,4,NVIDIA GeForce RTX 5090,12.0,tf32,FP32,FP32,FP32,4096,4096,4096,1.228384,1.230752,111.885983,TFLOPS,False,PASS,OK,cuBLASLt algo 21 layout=NN per-tensor scale,4096,"actual=1024, expected=1024, tolerance=30.72"
concurrent,4,NVIDIA GeForce RTX 5090,12.0,tf32,FP32,FP32,FP32,8192,8192,8192,9.009088,9.016256,122.044727,TFLOPS,False,PASS,OK,cuBLASLt algo 21 layout=NN per-tensor scale,8192,"actual=2048, expected=2048, tolerance=61.44"
concurrent,4,NVIDIA GeForce RTX 5090,12.0,tf32,FP32,FP32,FP32,12288,12288,12288,29.636576,29.646368,125.211893,TFLOPS,True,PASS,OK,cuBLASLt algo 21 layout=NN per-tensor scale,18432,"actual=3072, expected=3072, tolerance=92.16"
concurrent,4,NVIDIA GeForce RTX 5090,12.0,fp32,FP32,FP32,FP32,4096,4096,4096,1.780352,1.811488,77.197629,TFLOPS,False,PASS,OK,cuBLASLt algo 20 layout=NN per-tensor scale,2048,"actual=1024, expected=1024, tolerance=0.01024"
concurrent,4,NVIDIA GeForce RTX 5090,12.0,fp32,FP32,FP32,FP32,8192,8192,8192,13.248064,13.310400,82.994136,TFLOPS,True,PASS,OK,cuBLASLt algo 20 layout=NN per-tensor scale,8192,"actual=2048, expected=2048, tolerance=0.02048"
concurrent,4,NVIDIA GeForce RTX 5090,12.0,fp32,FP32,FP32,FP32,12288,12288,12288,45.204800,45.296257,82.089773,TFLOPS,False,PASS,OK,cuBLASLt algo 20 layout=NN per-tensor scale,18432,"actual=3072, expected=3072, tolerance=0.03072"
concurrent,4,NVIDIA GeForce RTX 5090,12.0,fp64,FP64,FP64,FP64,2048,2048,2048,10.116000,10.119296,1.698287,TFLOPS,False,PASS,OK,cuBLASLt algo 22 layout=NN per-tensor scale,0,"actual=512, expected=512, tolerance=1e-06"
concurrent,4,NVIDIA GeForce RTX 5090,12.0,fp64,FP64,FP64,FP64,4096,4096,4096,79.190529,79.193314,1.735548,TFLOPS,False,PASS,OK,cuBLASLt algo 22 layout=NN per-tensor scale,0,"actual=1024, expected=1024, tolerance=1e-06"
concurrent,4,NVIDIA GeForce RTX 5090,12.0,fp64,FP64,FP64,FP64,6144,6144,6144,264.135132,264.141632,1.756133,TFLOPS,True,PASS,OK,cuBLASLt algo 22 layout=NN per-tensor scale,0,"actual=1536, expected=1536, tolerance=1e-06"
concurrent,5,NVIDIA GeForce RTX 5090,12.0,int4,,,,0,0,0,0.000000,0.000000,0.000000,,False,NOT_RUN,UNSUPPORTED,,0,"cuBLASLt does not provide a dense INT4 GEMM kernel; INT4 Tensor Core is used via inference frameworks (CUTLASS/quantized paths), not standard dense GEMM APIs"
concurrent,5,NVIDIA GeForce RTX 5090,12.0,int8,INT8,INT32,INT32,4096,4096,4096,0.186976,0.187936,735.062003,TOPS,False,PASS,OK,cuBLASLt algo 21 layout=TN per-tensor scale,0,"actual=4096, expected=4096, tolerance=1e-06"
concurrent,5,NVIDIA GeForce RTX 5090,12.0,int8,INT8,INT32,INT32,8192,8192,8192,1.228384,1.381472,895.087865,TOPS,False,PASS,OK,cuBLASLt algo 21 layout=TN per-tensor scale,0,"actual=8192, expected=8192, tolerance=1e-06"
concurrent,5,NVIDIA GeForce RTX 5090,12.0,int8,INT8,INT32,INT32,16384,16384,16384,9.721600,9.776896,904.798943,TOPS,True,PASS,OK,cuBLASLt algo 21 layout=TN per-tensor scale,0,"actual=16384, expected=16384, tolerance=1e-06"
concurrent,5,NVIDIA GeForce RTX 5090,12.0,fp8_e4m3,FP8_E4M3,FP32,FP16,4096,4096,4096,0.304640,0.306912,451.152034,TFLOPS,False,PASS,OK,cuBLASLt algo 35 layout=TN per-tensor scale,67125407,"actual=1024, expected=1024, tolerance=30.72"
concurrent,5,NVIDIA GeForce RTX 5090,12.0,fp8_e4m3,FP8_E4M3,FP32,FP16,8192,8192,8192,0.000000,0.000000,0.000000,TFLOPS,False,NOT_RUN,UNSUPPORTED,,268435456,All cuBLASLt heuristic algorithms failed
concurrent,5,NVIDIA GeForce RTX 5090,12.0,fp8_e4m3,FP8_E4M3,FP32,FP16,16384,16384,16384,18.528831,18.603777,474.724649,TFLOPS,True,PASS,OK,cuBLASLt algo 67 layout=TN per-tensor scale,0,"actual=4096, expected=4096, tolerance=122.88"
concurrent,5,NVIDIA GeForce RTX 5090,12.0,fp8_e5m2,FP8_E5M2,FP32,FP16,4096,4096,4096,0.000000,0.000000,0.000000,TFLOPS,False,NOT_RUN,UNSUPPORTED,,268435456,No cuBLASLt algorithm for fp8_e5m2 (CUBLAS_STATUS_NOT_SUPPORTED); cuBLASLt did not provide a kernel for this precision/layout on this GPU architecture
concurrent,5,NVIDIA GeForce RTX 5090,12.0,fp8_e5m2,FP8_E5M2,FP32,FP16,8192,8192,8192,0.000000,0.000000,0.000000,TFLOPS,False,NOT_RUN,UNSUPPORTED,,268435456,No cuBLASLt algorithm for fp8_e5m2 (CUBLAS_STATUS_NOT_SUPPORTED); cuBLASLt did not provide a kernel for this precision/layout on this GPU architecture
concurrent,5,NVIDIA GeForce RTX 5090,12.0,fp8_e5m2,FP8_E5M2,FP32,FP16,16384,16384,16384,0.000000,0.000000,0.000000,TFLOPS,False,NOT_RUN,UNSUPPORTED,,268435456,No cuBLASLt algorithm for fp8_e5m2 (CUBLAS_STATUS_NOT_SUPPORTED); cuBLASLt did not provide a kernel for this precision/layout on this GPU architecture
concurrent,5,NVIDIA GeForce RTX 5090,12.0,nvfp4,FP4_E2M1,FP32,BF16,4096,4096,4096,0.104928,0.107040,1309.840568,TFLOPS,False,PASS,OK,cuBLASLt NVFP4 block-scaled (VEC16_UE4M3) layout=TN,0,"actual=1024, expected=1024, tolerance=30.72"
concurrent,5,NVIDIA GeForce RTX 5090,12.0,nvfp4,FP4_E2M1,FP32,BF16,8192,8192,8192,0.685056,0.688448,1604.995320,TFLOPS,True,PASS,OK,cuBLASLt NVFP4 block-scaled (VEC16_UE4M3) layout=TN,0,"actual=2048, expected=2048, tolerance=61.44"
concurrent,5,NVIDIA GeForce RTX 5090,12.0,nvfp4,FP4_E2M1,FP32,BF16,16384,16384,16384,5.592992,5.652992,1572.699065,TFLOPS,False,PASS,OK,cuBLASLt NVFP4 block-scaled (VEC16_UE4M3) layout=TN,0,"actual=4096, expected=4096, tolerance=122.88"
concurrent,5,NVIDIA GeForce RTX 5090,12.0,int16,INT16,INT32,INT32,2048,2048,2048,1.675008,1.727552,10.256589,TOPS,True,PASS,OK,custom tiled 16x16 CUDA Core GEMM,0,"actual=2048, expected=2048, tolerance=1e-06; custom CUDA Core result, not an INT16 Tensor Core specification"
concurrent,5,NVIDIA GeForce RTX 5090,12.0,int16,INT16,INT32,INT32,4096,4096,4096,13.453728,13.459904,10.215678,TOPS,False,PASS,OK,custom tiled 16x16 CUDA Core GEMM,0,"actual=4096, expected=4096, tolerance=1e-06; custom CUDA Core result, not an INT16 Tensor Core specification"
concurrent,5,NVIDIA GeForce RTX 5090,12.0,int16,INT16,INT32,INT32,8192,8192,8192,116.520676,116.659233,9.436193,TOPS,False,PASS,OK,custom tiled 16x16 CUDA Core GEMM,0,"actual=8192, expected=8192, tolerance=1e-06; custom CUDA Core result, not an INT16 Tensor Core specification"
concurrent,5,NVIDIA GeForce RTX 5090,12.0,fp16,FP16,FP32,FP16,4096,4096,4096,0.592064,0.594784,232.135290,TFLOPS,False,PASS,OK,cuBLASLt algo 21 layout=NN per-tensor scale,0,"actual=1024, expected=1024, tolerance=30.72"
concurrent,5,NVIDIA GeForce RTX 5090,12.0,fp16,FP16,FP32,FP16,8192,8192,8192,4.477952,4.482240,245.538949,TFLOPS,False,PASS,OK,cuBLASLt algo 21 layout=NN per-tensor scale,0,"actual=2048, expected=2048, tolerance=61.44"
concurrent,5,NVIDIA GeForce RTX 5090,12.0,fp16,FP16,FP32,FP16,16384,16384,16384,34.967682,34.975712,251.549218,TFLOPS,True,PASS,OK,cuBLASLt algo 21 layout=NN per-tensor scale,0,"actual=4096, expected=4096, tolerance=122.88"
concurrent,5,NVIDIA GeForce RTX 5090,12.0,bf16,BF16,FP32,BF16,4096,4096,4096,0.592096,0.595520,232.122764,TFLOPS,False,PASS,OK,cuBLASLt algo 21 layout=NN per-tensor scale,0,"actual=1024, expected=1024, tolerance=30.72"
concurrent,5,NVIDIA GeForce RTX 5090,12.0,bf16,BF16,FP32,BF16,8192,8192,8192,4.481632,4.486592,245.337317,TFLOPS,False,PASS,OK,cuBLASLt algo 21 layout=NN per-tensor scale,0,"actual=2048, expected=2048, tolerance=61.44"
concurrent,5,NVIDIA GeForce RTX 5090,12.0,bf16,BF16,FP32,BF16,16384,16384,16384,34.995968,35.001728,251.345900,TFLOPS,True,PASS,OK,cuBLASLt algo 21 layout=NN per-tensor scale,0,"actual=4096, expected=4096, tolerance=122.88"
concurrent,5,NVIDIA GeForce RTX 5090,12.0,tf32,FP32,FP32,FP32,4096,4096,4096,1.232256,1.235040,111.534411,TFLOPS,False,PASS,OK,cuBLASLt algo 21 layout=NN per-tensor scale,4096,"actual=1024, expected=1024, tolerance=30.72"
concurrent,5,NVIDIA GeForce RTX 5090,12.0,tf32,FP32,FP32,FP32,8192,8192,8192,9.040256,9.044000,121.623954,TFLOPS,False,PASS,OK,cuBLASLt algo 21 layout=NN per-tensor scale,16384,"actual=2048, expected=2048, tolerance=61.44"
concurrent,5,NVIDIA GeForce RTX 5090,12.0,tf32,FP32,FP32,FP32,12288,12288,12288,29.812544,29.853121,124.472831,TFLOPS,True,PASS,OK,cuBLASLt algo 21 layout=NN per-tensor scale,0,"actual=3072, expected=3072, tolerance=92.16"
concurrent,5,NVIDIA GeForce RTX 5090,12.0,fp32,FP32,FP32,FP32,4096,4096,4096,1.760800,1.783008,78.054835,TFLOPS,False,PASS,OK,cuBLASLt algo 20 layout=NN per-tensor scale,2048,"actual=1024, expected=1024, tolerance=0.01024"
concurrent,5,NVIDIA GeForce RTX 5090,12.0,fp32,FP32,FP32,FP32,8192,8192,8192,13.337408,13.392064,82.438179,TFLOPS,True,PASS,OK,cuBLASLt algo 20 layout=NN per-tensor scale,8192,"actual=2048, expected=2048, tolerance=0.02048"
concurrent,5,NVIDIA GeForce RTX 5090,12.0,fp32,FP32,FP32,FP32,12288,12288,12288,45.680286,45.841408,81.235299,TFLOPS,False,PASS,OK,cuBLASLt algo 20 layout=NN per-tensor scale,0,"actual=3072, expected=3072, tolerance=0.03072"
concurrent,5,NVIDIA GeForce RTX 5090,12.0,fp64,FP64,FP64,FP64,2048,2048,2048,10.132192,10.136480,1.695573,TFLOPS,False,PASS,OK,cuBLASLt algo 22 layout=NN per-tensor scale,0,"actual=512, expected=512, tolerance=1e-06"
concurrent,5,NVIDIA GeForce RTX 5090,12.0,fp64,FP64,FP64,FP64,4096,4096,4096,78.923134,78.928612,1.741428,TFLOPS,False,PASS,OK,cuBLASLt algo 22 layout=NN per-tensor scale,0,"actual=1024, expected=1024, tolerance=1e-06"
concurrent,5,NVIDIA GeForce RTX 5090,12.0,fp64,FP64,FP64,FP64,6144,6144,6144,263.210693,263.239166,1.762301,TFLOPS,True,PASS,OK,cuBLASLt algo 22 layout=NN per-tensor scale,0,"actual=1536, expected=1536, tolerance=1e-06"
concurrent,6,NVIDIA GeForce RTX 5090,12.0,int4,,,,0,0,0,0.000000,0.000000,0.000000,,False,NOT_RUN,UNSUPPORTED,,0,"cuBLASLt does not provide a dense INT4 GEMM kernel; INT4 Tensor Core is used via inference frameworks (CUTLASS/quantized paths), not standard dense GEMM APIs"
concurrent,6,NVIDIA GeForce RTX 5090,12.0,int8,INT8,INT32,INT32,4096,4096,4096,0.187840,0.188960,731.680971,TOPS,False,PASS,OK,cuBLASLt algo 21 layout=TN per-tensor scale,0,"actual=4096, expected=4096, tolerance=1e-06"
concurrent,6,NVIDIA GeForce RTX 5090,12.0,int8,INT8,INT32,INT32,8192,8192,8192,1.370496,1.396224,802.272754,TOPS,False,PASS,OK,cuBLASLt algo 21 layout=TN per-tensor scale,0,"actual=8192, expected=8192, tolerance=1e-06"
concurrent,6,NVIDIA GeForce RTX 5090,12.0,int8,INT8,INT32,INT32,16384,16384,16384,9.758016,9.821760,901.422313,TOPS,True,PASS,OK,cuBLASLt algo 21 layout=TN per-tensor scale,0,"actual=16384, expected=16384, tolerance=1e-06"
concurrent,6,NVIDIA GeForce RTX 5090,12.0,fp8_e4m3,FP8_E4M3,FP32,FP16,4096,4096,4096,0.312512,0.314528,439.787749,TFLOPS,False,PASS,OK,cuBLASLt algo 35 layout=TN per-tensor scale,67125407,"actual=1024, expected=1024, tolerance=30.72"
concurrent,6,NVIDIA GeForce RTX 5090,12.0,fp8_e4m3,FP8_E4M3,FP32,FP16,8192,8192,8192,0.000000,0.000000,0.000000,TFLOPS,False,NOT_RUN,UNSUPPORTED,,268435456,All cuBLASLt heuristic algorithms failed
concurrent,6,NVIDIA GeForce RTX 5090,12.0,fp8_e4m3,FP8_E4M3,FP32,FP16,16384,16384,16384,18.367104,18.472769,478.904743,TFLOPS,True,PASS,OK,cuBLASLt algo 67 layout=TN per-tensor scale,0,"actual=4096, expected=4096, tolerance=122.88"
concurrent,6,NVIDIA GeForce RTX 5090,12.0,fp8_e5m2,FP8_E5M2,FP32,FP16,4096,4096,4096,0.000000,0.000000,0.000000,TFLOPS,False,NOT_RUN,UNSUPPORTED,,268435456,No cuBLASLt algorithm for fp8_e5m2 (CUBLAS_STATUS_NOT_SUPPORTED); cuBLASLt did not provide a kernel for this precision/layout on this GPU architecture
concurrent,6,NVIDIA GeForce RTX 5090,12.0,fp8_e5m2,FP8_E5M2,FP32,FP16,8192,8192,8192,0.000000,0.000000,0.000000,TFLOPS,False,NOT_RUN,UNSUPPORTED,,268435456,No cuBLASLt algorithm for fp8_e5m2 (CUBLAS_STATUS_NOT_SUPPORTED); cuBLASLt did not provide a kernel for this precision/layout on this GPU architecture
concurrent,6,NVIDIA GeForce RTX 5090,12.0,fp8_e5m2,FP8_E5M2,FP32,FP16,16384,16384,16384,0.000000,0.000000,0.000000,TFLOPS,False,NOT_RUN,UNSUPPORTED,,268435456,No cuBLASLt algorithm for fp8_e5m2 (CUBLAS_STATUS_NOT_SUPPORTED); cuBLASLt did not provide a kernel for this precision/layout on this GPU architecture
concurrent,6,NVIDIA GeForce RTX 5090,12.0,nvfp4,FP4_E2M1,FP32,BF16,4096,4096,4096,0.105728,0.107008,1299.929564,TFLOPS,False,PASS,OK,cuBLASLt NVFP4 block-scaled (VEC16_UE4M3) layout=TN,0,"actual=1024, expected=1024, tolerance=30.72"
concurrent,6,NVIDIA GeForce RTX 5090,12.0,nvfp4,FP4_E2M1,FP32,BF16,8192,8192,8192,0.683008,0.686208,1609.807796,TFLOPS,False,PASS,OK,cuBLASLt NVFP4 block-scaled (VEC16_UE4M3) layout=TN,0,"actual=2048, expected=2048, tolerance=61.44"
concurrent,6,NVIDIA GeForce RTX 5090,12.0,nvfp4,FP4_E2M1,FP32,BF16,16384,16384,16384,5.398816,5.407648,1629.263313,TFLOPS,True,PASS,OK,cuBLASLt NVFP4 block-scaled (VEC16_UE4M3) layout=TN,0,"actual=4096, expected=4096, tolerance=122.88"
concurrent,6,NVIDIA GeForce RTX 5090,12.0,int16,INT16,INT32,INT32,2048,2048,2048,1.692032,1.725056,10.153395,TOPS,False,PASS,OK,custom tiled 16x16 CUDA Core GEMM,0,"actual=2048, expected=2048, tolerance=1e-06; custom CUDA Core result, not an INT16 Tensor Core specification"
concurrent,6,NVIDIA GeForce RTX 5090,12.0,int16,INT16,INT32,INT32,4096,4096,4096,13.392288,13.406464,10.262544,TOPS,True,PASS,OK,custom tiled 16x16 CUDA Core GEMM,0,"actual=4096, expected=4096, tolerance=1e-06; custom CUDA Core result, not an INT16 Tensor Core specification"
concurrent,6,NVIDIA GeForce RTX 5090,12.0,int16,INT16,INT32,INT32,8192,8192,8192,116.769630,116.832542,9.416075,TOPS,False,PASS,OK,custom tiled 16x16 CUDA Core GEMM,0,"actual=8192, expected=8192, tolerance=1e-06; custom CUDA Core result, not an INT16 Tensor Core specification"
concurrent,6,NVIDIA GeForce RTX 5090,12.0,fp16,FP16,FP32,FP16,4096,4096,4096,0.593216,0.595040,231.684501,TFLOPS,False,PASS,OK,cuBLASLt algo 21 layout=NN per-tensor scale,0,"actual=1024, expected=1024, tolerance=30.72"
concurrent,6,NVIDIA GeForce RTX 5090,12.0,fp16,FP16,FP32,FP16,8192,8192,8192,4.500416,4.508128,244.313343,TFLOPS,False,PASS,OK,cuBLASLt algo 21 layout=NN per-tensor scale,0,"actual=2048, expected=2048, tolerance=61.44"
concurrent,6,NVIDIA GeForce RTX 5090,12.0,fp16,FP16,FP32,FP16,16384,16384,16384,35.121281,35.130688,250.449097,TFLOPS,True,PASS,OK,cuBLASLt algo 21 layout=NN per-tensor scale,0,"actual=4096, expected=4096, tolerance=122.88"
concurrent,6,NVIDIA GeForce RTX 5090,12.0,bf16,BF16,FP32,BF16,4096,4096,4096,0.588288,0.589664,233.625284,TFLOPS,False,PASS,OK,cuBLASLt algo 21 layout=NN per-tensor scale,0,"actual=1024, expected=1024, tolerance=30.72"
concurrent,6,NVIDIA GeForce RTX 5090,12.0,bf16,BF16,FP32,BF16,8192,8192,8192,4.505632,4.512768,244.030504,TFLOPS,False,PASS,OK,cuBLASLt algo 21 layout=NN per-tensor scale,0,"actual=2048, expected=2048, tolerance=61.44"
concurrent,6,NVIDIA GeForce RTX 5090,12.0,bf16,BF16,FP32,BF16,16384,16384,16384,35.297695,35.305153,249.197376,TFLOPS,True,PASS,OK,cuBLASLt algo 21 layout=NN per-tensor scale,0,"actual=4096, expected=4096, tolerance=122.88"
concurrent,6,NVIDIA GeForce RTX 5090,12.0,tf32,FP32,FP32,FP32,4096,4096,4096,1.227296,1.229280,111.985172,TFLOPS,False,PASS,OK,cuBLASLt algo 21 layout=NN per-tensor scale,4096,"actual=1024, expected=1024, tolerance=30.72"
concurrent,6,NVIDIA GeForce RTX 5090,12.0,tf32,FP32,FP32,FP32,8192,8192,8192,8.988992,9.074560,122.317570,TFLOPS,False,PASS,OK,cuBLASLt algo 21 layout=NN per-tensor scale,8192,"actual=2048, expected=2048, tolerance=61.44"
concurrent,6,NVIDIA GeForce RTX 5090,12.0,tf32,FP32,FP32,FP32,12288,12288,12288,29.562624,29.571072,125.525114,TFLOPS,True,PASS,OK,cuBLASLt algo 21 layout=NN per-tensor scale,18432,"actual=3072, expected=3072, tolerance=92.16"
concurrent,6,NVIDIA GeForce RTX 5090,12.0,fp32,FP32,FP32,FP32,4096,4096,4096,1.759616,1.779008,78.107355,TFLOPS,False,PASS,OK,cuBLASLt algo 20 layout=NN per-tensor scale,2048,"actual=1024, expected=1024, tolerance=0.01024"
concurrent,6,NVIDIA GeForce RTX 5090,12.0,fp32,FP32,FP32,FP32,8192,8192,8192,13.272608,13.326688,82.840663,TFLOPS,True,PASS,OK,cuBLASLt algo 20 layout=NN per-tensor scale,8192,"actual=2048, expected=2048, tolerance=0.02048"
concurrent,6,NVIDIA GeForce RTX 5090,12.0,fp32,FP32,FP32,FP32,12288,12288,12288,45.783424,46.075199,81.052298,TFLOPS,False,PASS,OK,cuBLASLt algo 20 layout=NN per-tensor scale,18432,"actual=3072, expected=3072, tolerance=0.03072"
concurrent,6,NVIDIA GeForce RTX 5090,12.0,fp64,FP64,FP64,FP64,2048,2048,2048,10.089984,10.093472,1.702666,TFLOPS,False,PASS,OK,cuBLASLt algo 22 layout=NN per-tensor scale,0,"actual=512, expected=512, tolerance=1e-06"
concurrent,6,NVIDIA GeForce RTX 5090,12.0,fp64,FP64,FP64,FP64,4096,4096,4096,78.988991,78.990334,1.739976,TFLOPS,False,PASS,OK,cuBLASLt algo 22 layout=NN per-tensor scale,0,"actual=1024, expected=1024, tolerance=1e-06"
concurrent,6,NVIDIA GeForce RTX 5090,12.0,fp64,FP64,FP64,FP64,6144,6144,6144,262.779449,262.804138,1.765193,TFLOPS,True,PASS,OK,cuBLASLt algo 22 layout=NN per-tensor scale,0,"actual=1536, expected=1536, tolerance=1e-06"
concurrent,7,NVIDIA GeForce RTX 5090,12.0,int4,,,,0,0,0,0.000000,0.000000,0.000000,,False,NOT_RUN,UNSUPPORTED,,0,"cuBLASLt does not provide a dense INT4 GEMM kernel; INT4 Tensor Core is used via inference frameworks (CUTLASS/quantized paths), not standard dense GEMM APIs"
concurrent,7,NVIDIA GeForce RTX 5090,12.0,int8,INT8,INT32,INT32,4096,4096,4096,0.190560,0.191456,721.237168,TOPS,False,PASS,OK,cuBLASLt algo 21 layout=TN per-tensor scale,0,"actual=4096, expected=4096, tolerance=1e-06"
concurrent,7,NVIDIA GeForce RTX 5090,12.0,int8,INT8,INT32,INT32,8192,8192,8192,1.230816,1.233856,893.319247,TOPS,False,PASS,OK,cuBLASLt algo 21 layout=TN per-tensor scale,0,"actual=8192, expected=8192, tolerance=1e-06"
concurrent,7,NVIDIA GeForce RTX 5090,12.0,int8,INT8,INT32,INT32,16384,16384,16384,9.746816,9.773664,902.458127,TOPS,True,PASS,OK,cuBLASLt algo 21 layout=TN per-tensor scale,0,"actual=16384, expected=16384, tolerance=1e-06"
concurrent,7,NVIDIA GeForce RTX 5090,12.0,fp8_e4m3,FP8_E4M3,FP32,FP16,4096,4096,4096,0.307584,0.310208,446.833902,TFLOPS,False,PASS,OK,cuBLASLt algo 35 layout=TN per-tensor scale,67125407,"actual=1024, expected=1024, tolerance=30.72"
concurrent,7,NVIDIA GeForce RTX 5090,12.0,fp8_e4m3,FP8_E4M3,FP32,FP16,8192,8192,8192,0.000000,0.000000,0.000000,TFLOPS,False,NOT_RUN,UNSUPPORTED,,268435456,All cuBLASLt heuristic algorithms failed
concurrent,7,NVIDIA GeForce RTX 5090,12.0,fp8_e4m3,FP8_E4M3,FP32,FP16,16384,16384,16384,18.549568,18.604416,474.193951,TFLOPS,True,PASS,OK,cuBLASLt algo 67 layout=TN per-tensor scale,0,"actual=4096, expected=4096, tolerance=122.88"
concurrent,7,NVIDIA GeForce RTX 5090,12.0,fp8_e5m2,FP8_E5M2,FP32,FP16,4096,4096,4096,0.000000,0.000000,0.000000,TFLOPS,False,NOT_RUN,UNSUPPORTED,,268435456,No cuBLASLt algorithm for fp8_e5m2 (CUBLAS_STATUS_NOT_SUPPORTED); cuBLASLt did not provide a kernel for this precision/layout on this GPU architecture
concurrent,7,NVIDIA GeForce RTX 5090,12.0,fp8_e5m2,FP8_E5M2,FP32,FP16,8192,8192,8192,0.000000,0.000000,0.000000,TFLOPS,False,NOT_RUN,UNSUPPORTED,,268435456,No cuBLASLt algorithm for fp8_e5m2 (CUBLAS_STATUS_NOT_SUPPORTED); cuBLASLt did not provide a kernel for this precision/layout on this GPU architecture
concurrent,7,NVIDIA GeForce RTX 5090,12.0,fp8_e5m2,FP8_E5M2,FP32,FP16,16384,16384,16384,0.000000,0.000000,0.000000,TFLOPS,False,NOT_RUN,UNSUPPORTED,,268435456,No cuBLASLt algorithm for fp8_e5m2 (CUBLAS_STATUS_NOT_SUPPORTED); cuBLASLt did not provide a kernel for this precision/layout on this GPU architecture
concurrent,7,NVIDIA GeForce RTX 5090,12.0,nvfp4,FP4_E2M1,FP32,BF16,4096,4096,4096,0.106688,0.107488,1288.232539,TFLOPS,False,PASS,OK,cuBLASLt NVFP4 block-scaled (VEC16_UE4M3) layout=TN,0,"actual=1024, expected=1024, tolerance=30.72"
concurrent,7,NVIDIA GeForce RTX 5090,12.0,nvfp4,FP4_E2M1,FP32,BF16,8192,8192,8192,0.687520,0.689440,1599.243054,TFLOPS,True,PASS,OK,cuBLASLt NVFP4 block-scaled (VEC16_UE4M3) layout=TN,0,"actual=2048, expected=2048, tolerance=61.44"
concurrent,7,NVIDIA GeForce RTX 5090,12.0,nvfp4,FP4_E2M1,FP32,BF16,16384,16384,16384,5.598368,5.623040,1571.188739,TFLOPS,False,PASS,OK,cuBLASLt NVFP4 block-scaled (VEC16_UE4M3) layout=TN,0,"actual=4096, expected=4096, tolerance=122.88"
concurrent,7,NVIDIA GeForce RTX 5090,12.0,int16,INT16,INT32,INT32,2048,2048,2048,1.682208,1.774656,10.212691,TOPS,False,PASS,OK,custom tiled 16x16 CUDA Core GEMM,0,"actual=2048, expected=2048, tolerance=1e-06; custom CUDA Core result, not an INT16 Tensor Core specification"
concurrent,7,NVIDIA GeForce RTX 5090,12.0,int16,INT16,INT32,INT32,4096,4096,4096,13.443648,13.448960,10.223337,TOPS,True,PASS,OK,custom tiled 16x16 CUDA Core GEMM,0,"actual=4096, expected=4096, tolerance=1e-06; custom CUDA Core result, not an INT16 Tensor Core specification"
concurrent,7,NVIDIA GeForce RTX 5090,12.0,int16,INT16,INT32,INT32,8192,8192,8192,116.597404,116.708160,9.429984,TOPS,False,PASS,OK,custom tiled 16x16 CUDA Core GEMM,0,"actual=8192, expected=8192, tolerance=1e-06; custom CUDA Core result, not an INT16 Tensor Core specification"
concurrent,7,NVIDIA GeForce RTX 5090,12.0,fp16,FP16,FP32,FP16,4096,4096,4096,0.597632,0.599168,229.972551,TFLOPS,False,PASS,OK,cuBLASLt algo 21 layout=NN per-tensor scale,0,"actual=1024, expected=1024, tolerance=30.72"
concurrent,7,NVIDIA GeForce RTX 5090,12.0,fp16,FP16,FP32,FP16,8192,8192,8192,4.478912,4.483552,245.486327,TFLOPS,False,PASS,OK,cuBLASLt algo 21 layout=NN per-tensor scale,0,"actual=2048, expected=2048, tolerance=61.44"
concurrent,7,NVIDIA GeForce RTX 5090,12.0,fp16,FP16,FP32,FP16,16384,16384,16384,34.940384,34.946815,251.745746,TFLOPS,True,PASS,OK,cuBLASLt algo 21 layout=NN per-tensor scale,0,"actual=4096, expected=4096, tolerance=122.88"
concurrent,7,NVIDIA GeForce RTX 5090,12.0,bf16,BF16,FP32,BF16,4096,4096,4096,0.601504,0.603328,228.492158,TFLOPS,False,PASS,OK,cuBLASLt algo 21 layout=NN per-tensor scale,0,"actual=1024, expected=1024, tolerance=30.72"
concurrent,7,NVIDIA GeForce RTX 5090,12.0,bf16,BF16,FP32,BF16,8192,8192,8192,4.483040,4.487808,245.260284,TFLOPS,False,PASS,OK,cuBLASLt algo 21 layout=NN per-tensor scale,0,"actual=2048, expected=2048, tolerance=61.44"
concurrent,7,NVIDIA GeForce RTX 5090,12.0,bf16,BF16,FP32,BF16,16384,16384,16384,34.966431,34.970367,251.558219,TFLOPS,True,PASS,OK,cuBLASLt algo 21 layout=NN per-tensor scale,0,"actual=4096, expected=4096, tolerance=122.88"
concurrent,7,NVIDIA GeForce RTX 5090,12.0,tf32,FP32,FP32,FP32,4096,4096,4096,1.234656,1.236544,111.317611,TFLOPS,False,PASS,OK,cuBLASLt algo 21 layout=NN per-tensor scale,4096,"actual=1024, expected=1024, tolerance=30.72"
concurrent,7,NVIDIA GeForce RTX 5090,12.0,tf32,FP32,FP32,FP32,8192,8192,8192,9.042816,9.045920,121.589515,TFLOPS,False,PASS,OK,cuBLASLt algo 21 layout=NN per-tensor scale,16384,"actual=2048, expected=2048, tolerance=61.44"
concurrent,7,NVIDIA GeForce RTX 5090,12.0,tf32,FP32,FP32,FP32,12288,12288,12288,29.735168,29.740095,124.796728,TFLOPS,True,PASS,OK,cuBLASLt algo 21 layout=NN per-tensor scale,18432,"actual=3072, expected=3072, tolerance=92.16"
concurrent,7,NVIDIA GeForce RTX 5090,12.0,fp32,FP32,FP32,FP32,4096,4096,4096,1.765152,1.780256,77.862391,TFLOPS,False,PASS,OK,cuBLASLt algo 20 layout=NN per-tensor scale,2048,"actual=1024, expected=1024, tolerance=0.01024"
concurrent,7,NVIDIA GeForce RTX 5090,12.0,fp32,FP32,FP32,FP32,8192,8192,8192,13.313920,13.345216,82.583614,TFLOPS,True,PASS,OK,cuBLASLt algo 20 layout=NN per-tensor scale,8192,"actual=2048, expected=2048, tolerance=0.02048"
concurrent,7,NVIDIA GeForce RTX 5090,12.0,fp32,FP32,FP32,FP32,12288,12288,12288,45.995262,46.025951,80.679000,TFLOPS,False,PASS,OK,cuBLASLt algo 20 layout=NN per-tensor scale,18432,"actual=3072, expected=3072, tolerance=0.03072"
concurrent,7,NVIDIA GeForce RTX 5090,12.0,fp64,FP64,FP64,FP64,2048,2048,2048,10.143296,10.146528,1.693717,TFLOPS,False,PASS,OK,cuBLASLt algo 22 layout=NN per-tensor scale,0,"actual=512, expected=512, tolerance=1e-06"
concurrent,7,NVIDIA GeForce RTX 5090,12.0,fp64,FP64,FP64,FP64,4096,4096,4096,79.401245,79.404350,1.730942,TFLOPS,False,PASS,OK,cuBLASLt algo 22 layout=NN per-tensor scale,0,"actual=1024, expected=1024, tolerance=1e-06"
concurrent,7,NVIDIA GeForce RTX 5090,12.0,fp64,FP64,FP64,FP64,6144,6144,6144,263.633362,263.668488,1.759476,TFLOPS,True,PASS,OK,cuBLASLt algo 22 layout=NN per-tensor scale,0,"actual=1536, expected=1536, tolerance=1e-06"
