mode,device_id,gpu_name,compute_capability,precision,input_type,accumulator_type,output_type,m,n,k,median_ms,p90_ms,throughput,unit,best,validation,status,algorithm,workspace_bytes,message
isolated,0,NVIDIA RTX PRO 5000 Blackwell,12.0,int4,,,,0,0,0,0.000000,0.000000,0.000000,,False,NOT_RUN,UNSUPPORTED,,0,"cuBLASLt does not provide a dense INT4 GEMM kernel; INT4 Tensor Core is used via inference frameworks (CUTLASS/quantized paths), not standard dense GEMM APIs"
isolated,0,NVIDIA RTX PRO 5000 Blackwell,12.0,int8,INT8,INT32,INT32,4096,4096,4096,0.293568,0.293792,468.167376,TOPS,False,PASS,OK,cuBLASLt algo 21 layout=TN per-tensor scale,0,"actual=4096, expected=4096, tolerance=1e-06"
isolated,0,NVIDIA RTX PRO 5000 Blackwell,12.0,int8,INT8,INT32,INT32,8192,8192,8192,2.066784,2.075104,531.991576,TOPS,False,PASS,OK,cuBLASLt algo 21 layout=TN per-tensor scale,0,"actual=8192, expected=8192, tolerance=1e-06"
isolated,0,NVIDIA RTX PRO 5000 Blackwell,12.0,int8,INT8,INT32,INT32,16384,16384,16384,16.109247,16.135679,546.027565,TOPS,True,PASS,OK,cuBLASLt algo 21 layout=TN per-tensor scale,0,"actual=16384, expected=16384, tolerance=1e-06"
isolated,0,NVIDIA RTX PRO 5000 Blackwell,12.0,fp8_e4m3,FP8_E4M3,FP32,FP16,4096,4096,4096,0.279456,0.279712,491.808938,TFLOPS,False,PASS,OK,cuBLASLt algo 67 layout=TN per-tensor scale,0,"actual=1024, expected=1024, tolerance=30.72"
isolated,0,NVIDIA RTX PRO 5000 Blackwell,12.0,fp8_e4m3,FP8_E4M3,FP32,FP16,8192,8192,8192,1.972768,1.980992,557.344633,TFLOPS,True,PASS,OK,cuBLASLt algo 67 layout=TN per-tensor scale,0,"actual=2048, expected=2048, tolerance=61.44"
isolated,0,NVIDIA RTX PRO 5000 Blackwell,12.0,fp8_e4m3,FP8_E4M3,FP32,FP16,16384,16384,16384,15.969664,15.987840,550.800144,TFLOPS,False,PASS,OK,cuBLASLt algo 67 layout=TN per-tensor scale,0,"actual=4096, expected=4096, tolerance=122.88"
isolated,0,NVIDIA RTX PRO 5000 Blackwell,12.0,fp8_e5m2,FP8_E5M2,FP32,FP16,4096,4096,4096,0.000000,0.000000,0.000000,TFLOPS,False,NOT_RUN,UNSUPPORTED,,268435456,No cuBLASLt algorithm for fp8_e5m2 (CUBLAS_STATUS_NOT_SUPPORTED); cuBLASLt did not provide a kernel for this precision/layout on this GPU architecture
isolated,0,NVIDIA RTX PRO 5000 Blackwell,12.0,fp8_e5m2,FP8_E5M2,FP32,FP16,8192,8192,8192,0.000000,0.000000,0.000000,TFLOPS,False,NOT_RUN,UNSUPPORTED,,268435456,No cuBLASLt algorithm for fp8_e5m2 (CUBLAS_STATUS_NOT_SUPPORTED); cuBLASLt did not provide a kernel for this precision/layout on this GPU architecture
isolated,0,NVIDIA RTX PRO 5000 Blackwell,12.0,fp8_e5m2,FP8_E5M2,FP32,FP16,16384,16384,16384,0.000000,0.000000,0.000000,TFLOPS,False,NOT_RUN,UNSUPPORTED,,268435456,No cuBLASLt algorithm for fp8_e5m2 (CUBLAS_STATUS_NOT_SUPPORTED); cuBLASLt did not provide a kernel for this precision/layout on this GPU architecture
isolated,0,NVIDIA RTX PRO 5000 Blackwell,12.0,nvfp4,FP4_E2M1,FP32,BF16,4096,4096,4096,0.156448,0.157632,878.496035,TFLOPS,False,PASS,OK,cuBLASLt NVFP4 block-scaled (VEC16_UE4M3) layout=TN,0,"actual=1024, expected=1024, tolerance=30.72"
isolated,0,NVIDIA RTX PRO 5000 Blackwell,12.0,nvfp4,FP4_E2M1,FP32,BF16,8192,8192,8192,1.057440,1.060512,1039.786261,TFLOPS,False,PASS,OK,cuBLASLt NVFP4 block-scaled (VEC16_UE4M3) layout=TN,0,"actual=2048, expected=2048, tolerance=61.44"
isolated,0,NVIDIA RTX PRO 5000 Blackwell,12.0,nvfp4,FP4_E2M1,FP32,BF16,16384,16384,16384,8.386016,8.416864,1048.900114,TFLOPS,True,PASS,OK,cuBLASLt NVFP4 block-scaled (VEC16_UE4M3) layout=TN,0,"actual=4096, expected=4096, tolerance=122.88"
isolated,0,NVIDIA RTX PRO 5000 Blackwell,12.0,fp16,FP16,FP32,FP16,4096,4096,4096,0.547520,0.549568,251.020891,TFLOPS,False,PASS,OK,cuBLASLt algo 21 layout=NN per-tensor scale,0,"actual=1024, expected=1024, tolerance=30.72"
isolated,0,NVIDIA RTX PRO 5000 Blackwell,12.0,fp16,FP16,FP32,FP16,8192,8192,8192,4.344512,4.350560,253.080583,TFLOPS,False,PASS,OK,cuBLASLt algo 21 layout=NN per-tensor scale,0,"actual=2048, expected=2048, tolerance=61.44"
isolated,0,NVIDIA RTX PRO 5000 Blackwell,12.0,fp16,FP16,FP32,FP16,16384,16384,16384,33.833313,33.858047,259.983201,TFLOPS,True,PASS,OK,cuBLASLt algo 21 layout=NN per-tensor scale,65536,"actual=4096, expected=4096, tolerance=122.88"
isolated,0,NVIDIA RTX PRO 5000 Blackwell,12.0,bf16,BF16,FP32,BF16,4096,4096,4096,0.550368,0.551712,249.721915,TFLOPS,False,PASS,OK,cuBLASLt algo 21 layout=NN per-tensor scale,0,"actual=1024, expected=1024, tolerance=30.72"
isolated,0,NVIDIA RTX PRO 5000 Blackwell,12.0,bf16,BF16,FP32,BF16,8192,8192,8192,4.403808,4.417184,249.672919,TFLOPS,False,PASS,OK,cuBLASLt algo 21 layout=NN per-tensor scale,0,"actual=2048, expected=2048, tolerance=61.44"
isolated,0,NVIDIA RTX PRO 5000 Blackwell,12.0,bf16,BF16,FP32,BF16,16384,16384,16384,34.288479,34.308289,256.532028,TFLOPS,True,PASS,OK,cuBLASLt algo 21 layout=NN per-tensor scale,65536,"actual=4096, expected=4096, tolerance=122.88"
isolated,0,NVIDIA RTX PRO 5000 Blackwell,12.0,tf32,FP32,FP32,FP32,4096,4096,4096,1.053760,1.059136,130.427181,TFLOPS,False,PASS,OK,cuBLASLt algo 21 layout=NN per-tensor scale,0,"actual=1024, expected=1024, tolerance=30.72"
isolated,0,NVIDIA RTX PRO 5000 Blackwell,12.0,tf32,FP32,FP32,FP32,8192,8192,8192,7.973920,7.985184,137.888472,TFLOPS,False,PASS,OK,cuBLASLt algo 21 layout=NN per-tensor scale,0,"actual=2048, expected=2048, tolerance=61.44"
isolated,0,NVIDIA RTX PRO 5000 Blackwell,12.0,tf32,FP32,FP32,FP32,12288,12288,12288,26.454752,26.488960,140.271651,TFLOPS,True,PASS,OK,cuBLASLt algo 21 layout=NN per-tensor scale,0,"actual=3072, expected=3072, tolerance=92.16"
isolated,0,NVIDIA RTX PRO 5000 Blackwell,12.0,fp32,FP32,FP32,FP32,4096,4096,4096,2.723552,2.731936,50.463128,TFLOPS,False,PASS,OK,cuBLASLt algo 20 layout=NN per-tensor scale,2048,"actual=1024, expected=1024, tolerance=0.01024"
isolated,0,NVIDIA RTX PRO 5000 Blackwell,12.0,fp32,FP32,FP32,FP32,8192,8192,8192,20.977665,20.996639,52.413442,TFLOPS,True,PASS,OK,cuBLASLt algo 20 layout=NN per-tensor scale,0,"actual=2048, expected=2048, tolerance=0.02048"
isolated,0,NVIDIA RTX PRO 5000 Blackwell,12.0,fp32,FP32,FP32,FP32,12288,12288,12288,73.236221,73.287613,50.669623,TFLOPS,False,PASS,OK,cuBLASLt algo 20 layout=NN per-tensor scale,18432,"actual=3072, expected=3072, tolerance=0.03072"
isolated,0,NVIDIA RTX PRO 5000 Blackwell,12.0,fp64,FP64,FP64,FP64,2048,2048,2048,17.324928,17.328993,0.991627,TFLOPS,False,PASS,OK,cuBLASLt algo 22 layout=NN per-tensor scale,0,"actual=512, expected=512, tolerance=1e-06"
isolated,0,NVIDIA RTX PRO 5000 Blackwell,12.0,fp64,FP64,FP64,FP64,4096,4096,4096,136.694458,136.705566,1.005446,TFLOPS,False,PASS,OK,cuBLASLt algo 22 layout=NN per-tensor scale,0,"actual=1024, expected=1024, tolerance=1e-06"
isolated,0,NVIDIA RTX PRO 5000 Blackwell,12.0,fp64,FP64,FP64,FP64,6144,6144,6144,459.238770,459.278564,1.010055,TFLOPS,True,PASS,OK,cuBLASLt algo 22 layout=NN per-tensor scale,0,"actual=1536, expected=1536, tolerance=1e-06"
isolated,1,NVIDIA RTX PRO 5000 Blackwell,12.0,int4,,,,0,0,0,0.000000,0.000000,0.000000,,False,NOT_RUN,UNSUPPORTED,,0,"cuBLASLt does not provide a dense INT4 GEMM kernel; INT4 Tensor Core is used via inference frameworks (CUTLASS/quantized paths), not standard dense GEMM APIs"
isolated,1,NVIDIA RTX PRO 5000 Blackwell,12.0,int8,INT8,INT32,INT32,4096,4096,4096,0.303680,0.304448,452.578215,TOPS,False,PASS,OK,cuBLASLt algo 21 layout=TN per-tensor scale,0,"actual=4096, expected=4096, tolerance=1e-06"
isolated,1,NVIDIA RTX PRO 5000 Blackwell,12.0,int8,INT8,INT32,INT32,8192,8192,8192,2.133472,2.143744,515.362585,TOPS,False,PASS,OK,cuBLASLt algo 21 layout=TN per-tensor scale,0,"actual=8192, expected=8192, tolerance=1e-06"
isolated,1,NVIDIA RTX PRO 5000 Blackwell,12.0,int8,INT8,INT32,INT32,16384,16384,16384,16.573919,16.592352,530.718949,TOPS,True,PASS,OK,cuBLASLt algo 21 layout=TN per-tensor scale,0,"actual=16384, expected=16384, tolerance=1e-06"
isolated,1,NVIDIA RTX PRO 5000 Blackwell,12.0,fp8_e4m3,FP8_E4M3,FP32,FP16,4096,4096,4096,0.339520,0.340224,404.803695,TFLOPS,True,PASS,OK,cuBLASLt algo 35 layout=TN per-tensor scale,67125407,"actual=1024, expected=1024, tolerance=30.72"
isolated,1,NVIDIA RTX PRO 5000 Blackwell,12.0,fp8_e4m3,FP8_E4M3,FP32,FP16,8192,8192,8192,0.000000,0.000000,0.000000,TFLOPS,False,NOT_RUN,UNSUPPORTED,,268435456,All cuBLASLt heuristic algorithms failed
isolated,1,NVIDIA RTX PRO 5000 Blackwell,12.0,fp8_e4m3,FP8_E4M3,FP32,FP16,16384,16384,16384,23.324192,23.342592,377.123161,TFLOPS,False,PASS,OK,cuBLASLt algo 67 layout=TN per-tensor scale,0,"actual=4096, expected=4096, tolerance=122.88"
isolated,1,NVIDIA RTX PRO 5000 Blackwell,12.0,fp8_e5m2,FP8_E5M2,FP32,FP16,4096,4096,4096,0.000000,0.000000,0.000000,TFLOPS,False,NOT_RUN,UNSUPPORTED,,268435456,No cuBLASLt algorithm for fp8_e5m2 (CUBLAS_STATUS_NOT_SUPPORTED); cuBLASLt did not provide a kernel for this precision/layout on this GPU architecture
isolated,1,NVIDIA RTX PRO 5000 Blackwell,12.0,fp8_e5m2,FP8_E5M2,FP32,FP16,8192,8192,8192,0.000000,0.000000,0.000000,TFLOPS,False,NOT_RUN,UNSUPPORTED,,268435456,No cuBLASLt algorithm for fp8_e5m2 (CUBLAS_STATUS_NOT_SUPPORTED); cuBLASLt did not provide a kernel for this precision/layout on this GPU architecture
isolated,1,NVIDIA RTX PRO 5000 Blackwell,12.0,fp8_e5m2,FP8_E5M2,FP32,FP16,16384,16384,16384,0.000000,0.000000,0.000000,TFLOPS,False,NOT_RUN,UNSUPPORTED,,268435456,No cuBLASLt algorithm for fp8_e5m2 (CUBLAS_STATUS_NOT_SUPPORTED); cuBLASLt did not provide a kernel for this precision/layout on this GPU architecture
isolated,1,NVIDIA RTX PRO 5000 Blackwell,12.0,nvfp4,FP4_E2M1,FP32,BF16,4096,4096,4096,0.162464,0.163232,845.965626,TFLOPS,False,PASS,OK,cuBLASLt NVFP4 block-scaled (VEC16_UE4M3) layout=TN,0,"actual=1024, expected=1024, tolerance=30.72"
isolated,1,NVIDIA RTX PRO 5000 Blackwell,12.0,nvfp4,FP4_E2M1,FP32,BF16,8192,8192,8192,1.090176,1.092224,1008.563426,TFLOPS,False,PASS,OK,cuBLASLt NVFP4 block-scaled (VEC16_UE4M3) layout=TN,0,"actual=2048, expected=2048, tolerance=61.44"
isolated,1,NVIDIA RTX PRO 5000 Blackwell,12.0,nvfp4,FP4_E2M1,FP32,BF16,16384,16384,16384,8.527456,8.631904,1031.502564,TFLOPS,True,PASS,OK,cuBLASLt NVFP4 block-scaled (VEC16_UE4M3) layout=TN,0,"actual=4096, expected=4096, tolerance=122.88"
isolated,1,NVIDIA RTX PRO 5000 Blackwell,12.0,fp16,FP16,FP32,FP16,4096,4096,4096,0.567904,0.568128,242.010894,TFLOPS,False,PASS,OK,cuBLASLt algo 21 layout=NN per-tensor scale,0,"actual=1024, expected=1024, tolerance=30.72"
isolated,1,NVIDIA RTX PRO 5000 Blackwell,12.0,fp16,FP16,FP32,FP16,8192,8192,8192,4.498944,4.502944,244.393279,TFLOPS,False,PASS,OK,cuBLASLt algo 21 layout=NN per-tensor scale,0,"actual=2048, expected=2048, tolerance=61.44"
isolated,1,NVIDIA RTX PRO 5000 Blackwell,12.0,fp16,FP16,FP32,FP16,16384,16384,16384,34.695618,34.719009,253.521730,TFLOPS,True,PASS,OK,cuBLASLt algo 21 layout=NN per-tensor scale,65536,"actual=4096, expected=4096, tolerance=122.88"
isolated,1,NVIDIA RTX PRO 5000 Blackwell,12.0,bf16,BF16,FP32,BF16,4096,4096,4096,0.571904,0.572192,240.318222,TFLOPS,False,PASS,OK,cuBLASLt algo 21 layout=NN per-tensor scale,0,"actual=1024, expected=1024, tolerance=30.72"
isolated,1,NVIDIA RTX PRO 5000 Blackwell,12.0,bf16,BF16,FP32,BF16,8192,8192,8192,4.551104,4.561472,241.592284,TFLOPS,False,PASS,OK,cuBLASLt algo 21 layout=NN per-tensor scale,0,"actual=2048, expected=2048, tolerance=61.44"
isolated,1,NVIDIA RTX PRO 5000 Blackwell,12.0,bf16,BF16,FP32,BF16,16384,16384,16384,35.076607,35.093983,250.768071,TFLOPS,True,PASS,OK,cuBLASLt algo 21 layout=NN per-tensor scale,65536,"actual=4096, expected=4096, tolerance=122.88"
isolated,1,NVIDIA RTX PRO 5000 Blackwell,12.0,tf32,FP32,FP32,FP32,4096,4096,4096,1.089056,1.091936,126.200077,TFLOPS,False,PASS,OK,cuBLASLt algo 21 layout=NN per-tensor scale,0,"actual=1024, expected=1024, tolerance=30.72"
isolated,1,NVIDIA RTX PRO 5000 Blackwell,12.0,tf32,FP32,FP32,FP32,8192,8192,8192,8.190560,8.196512,134.241320,TFLOPS,False,PASS,OK,cuBLASLt algo 21 layout=NN per-tensor scale,0,"actual=2048, expected=2048, tolerance=61.44"
isolated,1,NVIDIA RTX PRO 5000 Blackwell,12.0,tf32,FP32,FP32,FP32,12288,12288,12288,27.143456,27.154848,136.712577,TFLOPS,True,PASS,OK,cuBLASLt algo 21 layout=NN per-tensor scale,0,"actual=3072, expected=3072, tolerance=92.16"
isolated,1,NVIDIA RTX PRO 5000 Blackwell,12.0,fp32,FP32,FP32,FP32,4096,4096,4096,2.797088,2.805344,49.136444,TFLOPS,False,PASS,OK,cuBLASLt algo 20 layout=NN per-tensor scale,2048,"actual=1024, expected=1024, tolerance=0.01024"
isolated,1,NVIDIA RTX PRO 5000 Blackwell,12.0,fp32,FP32,FP32,FP32,8192,8192,8192,21.511808,21.524769,51.112004,TFLOPS,True,PASS,OK,cuBLASLt algo 20 layout=NN per-tensor scale,0,"actual=2048, expected=2048, tolerance=0.02048"
isolated,1,NVIDIA RTX PRO 5000 Blackwell,12.0,fp32,FP32,FP32,FP32,12288,12288,12288,75.038849,75.048256,49.452408,TFLOPS,False,PASS,OK,cuBLASLt algo 20 layout=NN per-tensor scale,18432,"actual=3072, expected=3072, tolerance=0.03072"
isolated,1,NVIDIA RTX PRO 5000 Blackwell,12.0,fp64,FP64,FP64,FP64,2048,2048,2048,17.766945,17.768929,0.966957,TFLOPS,False,PASS,OK,cuBLASLt algo 22 layout=NN per-tensor scale,0,"actual=512, expected=512, tolerance=1e-06"
isolated,1,NVIDIA RTX PRO 5000 Blackwell,12.0,fp64,FP64,FP64,FP64,4096,4096,4096,140.297607,140.307770,0.979624,TFLOPS,False,PASS,OK,cuBLASLt algo 22 layout=NN per-tensor scale,0,"actual=1024, expected=1024, tolerance=1e-06"
isolated,1,NVIDIA RTX PRO 5000 Blackwell,12.0,fp64,FP64,FP64,FP64,6144,6144,6144,471.294037,471.365845,0.984219,TFLOPS,True,PASS,OK,cuBLASLt algo 22 layout=NN per-tensor scale,0,"actual=1536, expected=1536, tolerance=1e-06"
isolated,2,NVIDIA RTX PRO 5000 Blackwell,12.0,int4,,,,0,0,0,0.000000,0.000000,0.000000,,False,NOT_RUN,UNSUPPORTED,,0,"cuBLASLt does not provide a dense INT4 GEMM kernel; INT4 Tensor Core is used via inference frameworks (CUTLASS/quantized paths), not standard dense GEMM APIs"
isolated,2,NVIDIA RTX PRO 5000 Blackwell,12.0,int8,INT8,INT32,INT32,4096,4096,4096,0.295936,0.296352,464.421222,TOPS,False,PASS,OK,cuBLASLt algo 21 layout=TN per-tensor scale,0,"actual=4096, expected=4096, tolerance=1e-06"
isolated,2,NVIDIA RTX PRO 5000 Blackwell,12.0,int8,INT8,INT32,INT32,8192,8192,8192,2.081888,2.089056,528.131988,TOPS,False,PASS,OK,cuBLASLt algo 21 layout=TN per-tensor scale,0,"actual=8192, expected=8192, tolerance=1e-06"
isolated,2,NVIDIA RTX PRO 5000 Blackwell,12.0,int8,INT8,INT32,INT32,16384,16384,16384,16.479136,16.515072,533.771509,TOPS,True,PASS,OK,cuBLASLt algo 21 layout=TN per-tensor scale,0,"actual=16384, expected=16384, tolerance=1e-06"
isolated,2,NVIDIA RTX PRO 5000 Blackwell,12.0,fp8_e4m3,FP8_E4M3,FP32,FP16,4096,4096,4096,0.338080,0.340032,406.527916,TFLOPS,True,PASS,OK,cuBLASLt algo 35 layout=TN per-tensor scale,67125407,"actual=1024, expected=1024, tolerance=30.72"
isolated,2,NVIDIA RTX PRO 5000 Blackwell,12.0,fp8_e4m3,FP8_E4M3,FP32,FP16,8192,8192,8192,0.000000,0.000000,0.000000,TFLOPS,False,NOT_RUN,UNSUPPORTED,,268435456,All cuBLASLt heuristic algorithms failed
isolated,2,NVIDIA RTX PRO 5000 Blackwell,12.0,fp8_e4m3,FP8_E4M3,FP32,FP16,16384,16384,16384,23.322369,23.363585,377.152645,TFLOPS,False,PASS,OK,cuBLASLt algo 67 layout=TN per-tensor scale,0,"actual=4096, expected=4096, tolerance=122.88"
isolated,2,NVIDIA RTX PRO 5000 Blackwell,12.0,fp8_e5m2,FP8_E5M2,FP32,FP16,4096,4096,4096,0.000000,0.000000,0.000000,TFLOPS,False,NOT_RUN,UNSUPPORTED,,268435456,No cuBLASLt algorithm for fp8_e5m2 (CUBLAS_STATUS_NOT_SUPPORTED); cuBLASLt did not provide a kernel for this precision/layout on this GPU architecture
isolated,2,NVIDIA RTX PRO 5000 Blackwell,12.0,fp8_e5m2,FP8_E5M2,FP32,FP16,8192,8192,8192,0.000000,0.000000,0.000000,TFLOPS,False,NOT_RUN,UNSUPPORTED,,268435456,No cuBLASLt algorithm for fp8_e5m2 (CUBLAS_STATUS_NOT_SUPPORTED); cuBLASLt did not provide a kernel for this precision/layout on this GPU architecture
isolated,2,NVIDIA RTX PRO 5000 Blackwell,12.0,fp8_e5m2,FP8_E5M2,FP32,FP16,16384,16384,16384,0.000000,0.000000,0.000000,TFLOPS,False,NOT_RUN,UNSUPPORTED,,268435456,No cuBLASLt algorithm for fp8_e5m2 (CUBLAS_STATUS_NOT_SUPPORTED); cuBLASLt did not provide a kernel for this precision/layout on this GPU architecture
isolated,2,NVIDIA RTX PRO 5000 Blackwell,12.0,nvfp4,FP4_E2M1,FP32,BF16,4096,4096,4096,0.158240,0.160320,868.547452,TFLOPS,False,PASS,OK,cuBLASLt NVFP4 block-scaled (VEC16_UE4M3) layout=TN,0,"actual=1024, expected=1024, tolerance=30.72"
isolated,2,NVIDIA RTX PRO 5000 Blackwell,12.0,nvfp4,FP4_E2M1,FP32,BF16,8192,8192,8192,1.063072,1.065152,1034.277700,TFLOPS,True,PASS,OK,cuBLASLt NVFP4 block-scaled (VEC16_UE4M3) layout=TN,0,"actual=2048, expected=2048, tolerance=61.44"
isolated,2,NVIDIA RTX PRO 5000 Blackwell,12.0,nvfp4,FP4_E2M1,FP32,BF16,16384,16384,16384,8.552448,8.593472,1028.488304,TFLOPS,False,PASS,OK,cuBLASLt NVFP4 block-scaled (VEC16_UE4M3) layout=TN,0,"actual=4096, expected=4096, tolerance=122.88"
isolated,2,NVIDIA RTX PRO 5000 Blackwell,12.0,fp16,FP16,FP32,FP16,4096,4096,4096,0.558144,0.559456,246.242833,TFLOPS,False,PASS,OK,cuBLASLt algo 21 layout=NN per-tensor scale,0,"actual=1024, expected=1024, tolerance=30.72"
isolated,2,NVIDIA RTX PRO 5000 Blackwell,12.0,fp16,FP16,FP32,FP16,8192,8192,8192,4.485152,4.489280,245.144799,TFLOPS,False,PASS,OK,cuBLASLt algo 21 layout=NN per-tensor scale,0,"actual=2048, expected=2048, tolerance=61.44"
isolated,2,NVIDIA RTX PRO 5000 Blackwell,12.0,fp16,FP16,FP32,FP16,16384,16384,16384,34.497536,34.525185,254.977431,TFLOPS,True,PASS,OK,cuBLASLt algo 21 layout=NN per-tensor scale,65536,"actual=4096, expected=4096, tolerance=122.88"
isolated,2,NVIDIA RTX PRO 5000 Blackwell,12.0,bf16,BF16,FP32,BF16,4096,4096,4096,0.563328,0.563680,243.976771,TFLOPS,False,PASS,OK,cuBLASLt algo 21 layout=NN per-tensor scale,0,"actual=1024, expected=1024, tolerance=30.72"
isolated,2,NVIDIA RTX PRO 5000 Blackwell,12.0,bf16,BF16,FP32,BF16,8192,8192,8192,4.548768,4.556960,241.716354,TFLOPS,False,PASS,OK,cuBLASLt algo 21 layout=NN per-tensor scale,0,"actual=2048, expected=2048, tolerance=61.44"
isolated,2,NVIDIA RTX PRO 5000 Blackwell,12.0,bf16,BF16,FP32,BF16,16384,16384,16384,34.887745,34.906143,252.125583,TFLOPS,True,PASS,OK,cuBLASLt algo 21 layout=NN per-tensor scale,65536,"actual=4096, expected=4096, tolerance=122.88"
isolated,2,NVIDIA RTX PRO 5000 Blackwell,12.0,tf32,FP32,FP32,FP32,4096,4096,4096,1.075264,1.077696,127.818802,TFLOPS,False,PASS,OK,cuBLASLt algo 21 layout=NN per-tensor scale,0,"actual=1024, expected=1024, tolerance=30.72"
isolated,2,NVIDIA RTX PRO 5000 Blackwell,12.0,tf32,FP32,FP32,FP32,8192,8192,8192,8.128736,8.140832,135.262320,TFLOPS,False,PASS,OK,cuBLASLt algo 21 layout=NN per-tensor scale,0,"actual=2048, expected=2048, tolerance=61.44"
isolated,2,NVIDIA RTX PRO 5000 Blackwell,12.0,tf32,FP32,FP32,FP32,12288,12288,12288,26.934401,26.957279,137.773690,TFLOPS,True,PASS,OK,cuBLASLt algo 21 layout=NN per-tensor scale,0,"actual=3072, expected=3072, tolerance=92.16"
isolated,2,NVIDIA RTX PRO 5000 Blackwell,12.0,fp32,FP32,FP32,FP32,4096,4096,4096,2.751584,2.756704,49.949030,TFLOPS,False,PASS,OK,cuBLASLt algo 20 layout=NN per-tensor scale,2048,"actual=1024, expected=1024, tolerance=0.01024"
isolated,2,NVIDIA RTX PRO 5000 Blackwell,12.0,fp32,FP32,FP32,FP32,8192,8192,8192,21.323681,21.340160,51.562938,TFLOPS,True,PASS,OK,cuBLASLt algo 20 layout=NN per-tensor scale,0,"actual=2048, expected=2048, tolerance=0.02048"
isolated,2,NVIDIA RTX PRO 5000 Blackwell,12.0,fp32,FP32,FP32,FP32,12288,12288,12288,74.255203,74.283997,49.974299,TFLOPS,False,PASS,OK,cuBLASLt algo 20 layout=NN per-tensor scale,18432,"actual=3072, expected=3072, tolerance=0.03072"
isolated,2,NVIDIA RTX PRO 5000 Blackwell,12.0,fp64,FP64,FP64,FP64,2048,2048,2048,17.404097,17.406624,0.987116,TFLOPS,False,PASS,OK,cuBLASLt algo 22 layout=NN per-tensor scale,0,"actual=512, expected=512, tolerance=1e-06"
isolated,2,NVIDIA RTX PRO 5000 Blackwell,12.0,fp64,FP64,FP64,FP64,4096,4096,4096,137.340729,137.347458,1.000715,TFLOPS,False,PASS,OK,cuBLASLt algo 22 layout=NN per-tensor scale,0,"actual=1024, expected=1024, tolerance=1e-06"
isolated,2,NVIDIA RTX PRO 5000 Blackwell,12.0,fp64,FP64,FP64,FP64,6144,6144,6144,461.524933,461.555481,1.005052,TFLOPS,True,PASS,OK,cuBLASLt algo 22 layout=NN per-tensor scale,0,"actual=1536, expected=1536, tolerance=1e-06"
isolated,3,NVIDIA RTX PRO 5000 Blackwell,12.0,int4,,,,0,0,0,0.000000,0.000000,0.000000,,False,NOT_RUN,UNSUPPORTED,,0,"cuBLASLt does not provide a dense INT4 GEMM kernel; INT4 Tensor Core is used via inference frameworks (CUTLASS/quantized paths), not standard dense GEMM APIs"
isolated,3,NVIDIA RTX PRO 5000 Blackwell,12.0,int8,INT8,INT32,INT32,4096,4096,4096,0.298048,0.298880,461.130282,TOPS,False,PASS,OK,cuBLASLt algo 21 layout=TN per-tensor scale,0,"actual=4096, expected=4096, tolerance=1e-06"
isolated,3,NVIDIA RTX PRO 5000 Blackwell,12.0,int8,INT8,INT32,INT32,8192,8192,8192,2.101664,2.106976,523.162405,TOPS,False,PASS,OK,cuBLASLt algo 21 layout=TN per-tensor scale,0,"actual=8192, expected=8192, tolerance=1e-06"
isolated,3,NVIDIA RTX PRO 5000 Blackwell,12.0,int8,INT8,INT32,INT32,16384,16384,16384,16.087551,16.187807,546.763952,TOPS,True,PASS,OK,cuBLASLt algo 21 layout=TN per-tensor scale,0,"actual=16384, expected=16384, tolerance=1e-06"
isolated,3,NVIDIA RTX PRO 5000 Blackwell,12.0,fp8_e4m3,FP8_E4M3,FP32,FP16,4096,4096,4096,0.324832,0.328864,423.107812,TFLOPS,True,PASS,OK,cuBLASLt algo 35 layout=TN per-tensor scale,67125407,"actual=1024, expected=1024, tolerance=30.72"
isolated,3,NVIDIA RTX PRO 5000 Blackwell,12.0,fp8_e4m3,FP8_E4M3,FP32,FP16,8192,8192,8192,0.000000,0.000000,0.000000,TFLOPS,False,NOT_RUN,UNSUPPORTED,,268435456,All cuBLASLt heuristic algorithms failed
isolated,3,NVIDIA RTX PRO 5000 Blackwell,12.0,fp8_e4m3,FP8_E4M3,FP32,FP16,16384,16384,16384,22.664320,22.703039,388.103108,TFLOPS,False,PASS,OK,cuBLASLt algo 67 layout=TN per-tensor scale,0,"actual=4096, expected=4096, tolerance=122.88"
isolated,3,NVIDIA RTX PRO 5000 Blackwell,12.0,fp8_e5m2,FP8_E5M2,FP32,FP16,4096,4096,4096,0.000000,0.000000,0.000000,TFLOPS,False,NOT_RUN,UNSUPPORTED,,268435456,No cuBLASLt algorithm for fp8_e5m2 (CUBLAS_STATUS_NOT_SUPPORTED); cuBLASLt did not provide a kernel for this precision/layout on this GPU architecture
isolated,3,NVIDIA RTX PRO 5000 Blackwell,12.0,fp8_e5m2,FP8_E5M2,FP32,FP16,8192,8192,8192,0.000000,0.000000,0.000000,TFLOPS,False,NOT_RUN,UNSUPPORTED,,268435456,No cuBLASLt algorithm for fp8_e5m2 (CUBLAS_STATUS_NOT_SUPPORTED); cuBLASLt did not provide a kernel for this precision/layout on this GPU architecture
isolated,3,NVIDIA RTX PRO 5000 Blackwell,12.0,fp8_e5m2,FP8_E5M2,FP32,FP16,16384,16384,16384,0.000000,0.000000,0.000000,TFLOPS,False,NOT_RUN,UNSUPPORTED,,268435456,No cuBLASLt algorithm for fp8_e5m2 (CUBLAS_STATUS_NOT_SUPPORTED); cuBLASLt did not provide a kernel for this precision/layout on this GPU architecture
isolated,3,NVIDIA RTX PRO 5000 Blackwell,12.0,nvfp4,FP4_E2M1,FP32,BF16,4096,4096,4096,0.159072,0.160320,864.004704,TFLOPS,False,PASS,OK,cuBLASLt NVFP4 block-scaled (VEC16_UE4M3) layout=TN,0,"actual=1024, expected=1024, tolerance=30.72"
isolated,3,NVIDIA RTX PRO 5000 Blackwell,12.0,nvfp4,FP4_E2M1,FP32,BF16,8192,8192,8192,1.071232,1.073728,1026.399200,TFLOPS,False,PASS,OK,cuBLASLt NVFP4 block-scaled (VEC16_UE4M3) layout=TN,0,"actual=2048, expected=2048, tolerance=61.44"
isolated,3,NVIDIA RTX PRO 5000 Blackwell,12.0,nvfp4,FP4_E2M1,FP32,BF16,16384,16384,16384,8.270624,8.386784,1063.534366,TFLOPS,True,PASS,OK,cuBLASLt NVFP4 block-scaled (VEC16_UE4M3) layout=TN,0,"actual=4096, expected=4096, tolerance=122.88"
isolated,3,NVIDIA RTX PRO 5000 Blackwell,12.0,fp16,FP16,FP32,FP16,4096,4096,4096,0.557088,0.557472,246.709585,TFLOPS,False,PASS,OK,cuBLASLt algo 21 layout=NN per-tensor scale,0,"actual=1024, expected=1024, tolerance=30.72"
isolated,3,NVIDIA RTX PRO 5000 Blackwell,12.0,fp16,FP16,FP32,FP16,8192,8192,8192,4.387712,4.393088,250.588832,TFLOPS,False,PASS,OK,cuBLASLt algo 21 layout=NN per-tensor scale,0,"actual=2048, expected=2048, tolerance=61.44"
isolated,3,NVIDIA RTX PRO 5000 Blackwell,12.0,fp16,FP16,FP32,FP16,16384,16384,16384,33.905727,33.922016,259.427940,TFLOPS,True,PASS,OK,cuBLASLt algo 21 layout=NN per-tensor scale,65536,"actual=4096, expected=4096, tolerance=122.88"
isolated,3,NVIDIA RTX PRO 5000 Blackwell,12.0,bf16,BF16,FP32,BF16,4096,4096,4096,0.561312,0.563136,244.853038,TFLOPS,False,PASS,OK,cuBLASLt algo 21 layout=NN per-tensor scale,0,"actual=1024, expected=1024, tolerance=30.72"
isolated,3,NVIDIA RTX PRO 5000 Blackwell,12.0,bf16,BF16,FP32,BF16,8192,8192,8192,4.430752,4.434016,248.154642,TFLOPS,False,PASS,OK,cuBLASLt algo 21 layout=NN per-tensor scale,0,"actual=2048, expected=2048, tolerance=61.44"
isolated,3,NVIDIA RTX PRO 5000 Blackwell,12.0,bf16,BF16,FP32,BF16,16384,16384,16384,34.288544,34.311264,256.531543,TFLOPS,True,PASS,OK,cuBLASLt algo 21 layout=NN per-tensor scale,65536,"actual=4096, expected=4096, tolerance=122.88"
isolated,3,NVIDIA RTX PRO 5000 Blackwell,12.0,tf32,FP32,FP32,FP32,4096,4096,4096,1.071264,1.074304,128.296059,TFLOPS,False,PASS,OK,cuBLASLt algo 21 layout=NN per-tensor scale,0,"actual=1024, expected=1024, tolerance=30.72"
isolated,3,NVIDIA RTX PRO 5000 Blackwell,12.0,tf32,FP32,FP32,FP32,8192,8192,8192,7.999616,8.005600,137.445548,TFLOPS,False,PASS,OK,cuBLASLt algo 21 layout=NN per-tensor scale,0,"actual=2048, expected=2048, tolerance=61.44"
isolated,3,NVIDIA RTX PRO 5000 Blackwell,12.0,tf32,FP32,FP32,FP32,12288,12288,12288,26.541121,26.578880,139.815188,TFLOPS,True,PASS,OK,cuBLASLt algo 21 layout=NN per-tensor scale,0,"actual=3072, expected=3072, tolerance=92.16"
isolated,3,NVIDIA RTX PRO 5000 Blackwell,12.0,fp32,FP32,FP32,FP32,4096,4096,4096,2.750688,2.755680,49.965299,TFLOPS,False,PASS,OK,cuBLASLt algo 20 layout=NN per-tensor scale,2048,"actual=1024, expected=1024, tolerance=0.01024"
isolated,3,NVIDIA RTX PRO 5000 Blackwell,12.0,fp32,FP32,FP32,FP32,8192,8192,8192,21.094336,21.097248,52.123549,TFLOPS,True,PASS,OK,cuBLASLt algo 20 layout=NN per-tensor scale,0,"actual=2048, expected=2048, tolerance=0.02048"
isolated,3,NVIDIA RTX PRO 5000 Blackwell,12.0,fp32,FP32,FP32,FP32,12288,12288,12288,73.954147,74.032158,50.177737,TFLOPS,False,PASS,OK,cuBLASLt algo 20 layout=NN per-tensor scale,0,"actual=3072, expected=3072, tolerance=0.03072"
isolated,3,NVIDIA RTX PRO 5000 Blackwell,12.0,fp64,FP64,FP64,FP64,2048,2048,2048,17.560673,17.564575,0.978315,TFLOPS,False,PASS,OK,cuBLASLt algo 22 layout=NN per-tensor scale,0,"actual=512, expected=512, tolerance=1e-06"
isolated,3,NVIDIA RTX PRO 5000 Blackwell,12.0,fp64,FP64,FP64,FP64,4096,4096,4096,138.590012,138.602264,0.991695,TFLOPS,False,PASS,OK,cuBLASLt algo 22 layout=NN per-tensor scale,0,"actual=1024, expected=1024, tolerance=1e-06"
isolated,3,NVIDIA RTX PRO 5000 Blackwell,12.0,fp64,FP64,FP64,FP64,6144,6144,6144,465.560486,465.637054,0.996340,TFLOPS,True,PASS,OK,cuBLASLt algo 22 layout=NN per-tensor scale,0,"actual=1536, expected=1536, tolerance=1e-06"
isolated,4,NVIDIA RTX PRO 5000 Blackwell,12.0,int4,,,,0,0,0,0.000000,0.000000,0.000000,,False,NOT_RUN,UNSUPPORTED,,0,"cuBLASLt does not provide a dense INT4 GEMM kernel; INT4 Tensor Core is used via inference frameworks (CUTLASS/quantized paths), not standard dense GEMM APIs"
isolated,4,NVIDIA RTX PRO 5000 Blackwell,12.0,int8,INT8,INT32,INT32,4096,4096,4096,0.303872,0.304384,452.292275,TOPS,False,PASS,OK,cuBLASLt algo 21 layout=TN per-tensor scale,0,"actual=4096, expected=4096, tolerance=1e-06"
isolated,4,NVIDIA RTX PRO 5000 Blackwell,12.0,int8,INT8,INT32,INT32,8192,8192,8192,2.138240,2.142208,514.213361,TOPS,False,PASS,OK,cuBLASLt algo 21 layout=TN per-tensor scale,0,"actual=8192, expected=8192, tolerance=1e-06"
isolated,4,NVIDIA RTX PRO 5000 Blackwell,12.0,int8,INT8,INT32,INT32,16384,16384,16384,16.910463,16.934752,520.156831,TOPS,True,PASS,OK,cuBLASLt algo 21 layout=TN per-tensor scale,0,"actual=16384, expected=16384, tolerance=1e-06"
isolated,4,NVIDIA RTX PRO 5000 Blackwell,12.0,fp8_e4m3,FP8_E4M3,FP32,FP16,4096,4096,4096,0.345888,0.346304,397.351044,TFLOPS,True,PASS,OK,cuBLASLt algo 35 layout=TN per-tensor scale,67125407,"actual=1024, expected=1024, tolerance=30.72"
isolated,4,NVIDIA RTX PRO 5000 Blackwell,12.0,fp8_e4m3,FP8_E4M3,FP32,FP16,8192,8192,8192,0.000000,0.000000,0.000000,TFLOPS,False,NOT_RUN,UNSUPPORTED,,268435456,All cuBLASLt heuristic algorithms failed
isolated,4,NVIDIA RTX PRO 5000 Blackwell,12.0,fp8_e4m3,FP8_E4M3,FP32,FP16,16384,16384,16384,24.025057,24.057184,366.121632,TFLOPS,False,PASS,OK,cuBLASLt algo 67 layout=TN per-tensor scale,0,"actual=4096, expected=4096, tolerance=122.88"
isolated,4,NVIDIA RTX PRO 5000 Blackwell,12.0,fp8_e5m2,FP8_E5M2,FP32,FP16,4096,4096,4096,0.000000,0.000000,0.000000,TFLOPS,False,NOT_RUN,UNSUPPORTED,,268435456,No cuBLASLt algorithm for fp8_e5m2 (CUBLAS_STATUS_NOT_SUPPORTED); cuBLASLt did not provide a kernel for this precision/layout on this GPU architecture
isolated,4,NVIDIA RTX PRO 5000 Blackwell,12.0,fp8_e5m2,FP8_E5M2,FP32,FP16,8192,8192,8192,0.000000,0.000000,0.000000,TFLOPS,False,NOT_RUN,UNSUPPORTED,,268435456,No cuBLASLt algorithm for fp8_e5m2 (CUBLAS_STATUS_NOT_SUPPORTED); cuBLASLt did not provide a kernel for this precision/layout on this GPU architecture
isolated,4,NVIDIA RTX PRO 5000 Blackwell,12.0,fp8_e5m2,FP8_E5M2,FP32,FP16,16384,16384,16384,0.000000,0.000000,0.000000,TFLOPS,False,NOT_RUN,UNSUPPORTED,,268435456,No cuBLASLt algorithm for fp8_e5m2 (CUBLAS_STATUS_NOT_SUPPORTED); cuBLASLt did not provide a kernel for this precision/layout on this GPU architecture
isolated,4,NVIDIA RTX PRO 5000 Blackwell,12.0,nvfp4,FP4_E2M1,FP32,BF16,4096,4096,4096,0.162112,0.162880,847.802479,TFLOPS,False,PASS,OK,cuBLASLt NVFP4 block-scaled (VEC16_UE4M3) layout=TN,0,"actual=1024, expected=1024, tolerance=30.72"
isolated,4,NVIDIA RTX PRO 5000 Blackwell,12.0,nvfp4,FP4_E2M1,FP32,BF16,8192,8192,8192,1.089728,1.093632,1008.978048,TFLOPS,True,PASS,OK,cuBLASLt NVFP4 block-scaled (VEC16_UE4M3) layout=TN,0,"actual=2048, expected=2048, tolerance=61.44"
isolated,4,NVIDIA RTX PRO 5000 Blackwell,12.0,nvfp4,FP4_E2M1,FP32,BF16,16384,16384,16384,8.768576,8.802368,1003.138178,TFLOPS,False,PASS,OK,cuBLASLt NVFP4 block-scaled (VEC16_UE4M3) layout=TN,0,"actual=4096, expected=4096, tolerance=122.88"
isolated,4,NVIDIA RTX PRO 5000 Blackwell,12.0,fp16,FP16,FP32,FP16,4096,4096,4096,0.571648,0.572512,240.425844,TFLOPS,False,PASS,OK,cuBLASLt algo 21 layout=NN per-tensor scale,0,"actual=1024, expected=1024, tolerance=30.72"
isolated,4,NVIDIA RTX PRO 5000 Blackwell,12.0,fp16,FP16,FP32,FP16,8192,8192,8192,4.615264,4.622272,238.233748,TFLOPS,False,PASS,OK,cuBLASLt algo 21 layout=NN per-tensor scale,0,"actual=2048, expected=2048, tolerance=61.44"
isolated,4,NVIDIA RTX PRO 5000 Blackwell,12.0,fp16,FP16,FP32,FP16,16384,16384,16384,35.389473,35.430622,248.551117,TFLOPS,True,PASS,OK,cuBLASLt algo 21 layout=NN per-tensor scale,65536,"actual=4096, expected=4096, tolerance=122.88"
isolated,4,NVIDIA RTX PRO 5000 Blackwell,12.0,bf16,BF16,FP32,BF16,4096,4096,4096,0.575552,0.575744,238.795029,TFLOPS,False,PASS,OK,cuBLASLt algo 21 layout=NN per-tensor scale,0,"actual=1024, expected=1024, tolerance=30.72"
isolated,4,NVIDIA RTX PRO 5000 Blackwell,12.0,bf16,BF16,FP32,BF16,8192,8192,8192,4.673440,4.680800,235.268161,TFLOPS,False,PASS,OK,cuBLASLt algo 21 layout=NN per-tensor scale,0,"actual=2048, expected=2048, tolerance=61.44"
isolated,4,NVIDIA RTX PRO 5000 Blackwell,12.0,bf16,BF16,FP32,BF16,16384,16384,16384,35.770367,35.788673,245.904469,TFLOPS,True,PASS,OK,cuBLASLt algo 21 layout=NN per-tensor scale,65536,"actual=4096, expected=4096, tolerance=122.88"
isolated,4,NVIDIA RTX PRO 5000 Blackwell,12.0,tf32,FP32,FP32,FP32,4096,4096,4096,1.101728,1.102016,124.748539,TFLOPS,False,PASS,OK,cuBLASLt algo 21 layout=NN per-tensor scale,0,"actual=1024, expected=1024, tolerance=30.72"
isolated,4,NVIDIA RTX PRO 5000 Blackwell,12.0,tf32,FP32,FP32,FP32,8192,8192,8192,8.325184,8.332960,132.070552,TFLOPS,False,PASS,OK,cuBLASLt algo 21 layout=NN per-tensor scale,0,"actual=2048, expected=2048, tolerance=61.44"
isolated,4,NVIDIA RTX PRO 5000 Blackwell,12.0,tf32,FP32,FP32,FP32,12288,12288,12288,27.627617,27.672768,134.316751,TFLOPS,True,PASS,OK,cuBLASLt algo 21 layout=NN per-tensor scale,0,"actual=3072, expected=3072, tolerance=92.16"
isolated,4,NVIDIA RTX PRO 5000 Blackwell,12.0,fp32,FP32,FP32,FP32,4096,4096,4096,2.816928,2.823392,48.790369,TFLOPS,False,PASS,OK,cuBLASLt algo 20 layout=NN per-tensor scale,2048,"actual=1024, expected=1024, tolerance=0.01024"
isolated,4,NVIDIA RTX PRO 5000 Blackwell,12.0,fp32,FP32,FP32,FP32,8192,8192,8192,21.772257,21.788799,50.500581,TFLOPS,True,PASS,OK,cuBLASLt algo 20 layout=NN per-tensor scale,0,"actual=2048, expected=2048, tolerance=0.02048"
isolated,4,NVIDIA RTX PRO 5000 Blackwell,12.0,fp32,FP32,FP32,FP32,12288,12288,12288,75.845535,75.872353,48.926436,TFLOPS,False,PASS,OK,cuBLASLt algo 20 layout=NN per-tensor scale,18432,"actual=3072, expected=3072, tolerance=0.03072"
isolated,4,NVIDIA RTX PRO 5000 Blackwell,12.0,fp64,FP64,FP64,FP64,2048,2048,2048,17.845280,17.848320,0.962712,TFLOPS,False,PASS,OK,cuBLASLt algo 22 layout=NN per-tensor scale,0,"actual=512, expected=512, tolerance=1e-06"
isolated,4,NVIDIA RTX PRO 5000 Blackwell,12.0,fp64,FP64,FP64,FP64,4096,4096,4096,140.873566,140.889923,0.975619,TFLOPS,False,PASS,OK,cuBLASLt algo 22 layout=NN per-tensor scale,0,"actual=1024, expected=1024, tolerance=1e-06"
isolated,4,NVIDIA RTX PRO 5000 Blackwell,12.0,fp64,FP64,FP64,FP64,6144,6144,6144,473.169861,473.252136,0.980317,TFLOPS,True,PASS,OK,cuBLASLt algo 22 layout=NN per-tensor scale,0,"actual=1536, expected=1536, tolerance=1e-06"
isolated,5,NVIDIA RTX PRO 5000 Blackwell,12.0,int4,,,,0,0,0,0.000000,0.000000,0.000000,,False,NOT_RUN,UNSUPPORTED,,0,"cuBLASLt does not provide a dense INT4 GEMM kernel; INT4 Tensor Core is used via inference frameworks (CUTLASS/quantized paths), not standard dense GEMM APIs"
isolated,5,NVIDIA RTX PRO 5000 Blackwell,12.0,int8,INT8,INT32,INT32,4096,4096,4096,0.296000,0.296256,464.320783,TOPS,False,PASS,OK,cuBLASLt algo 21 layout=TN per-tensor scale,0,"actual=4096, expected=4096, tolerance=1e-06"
isolated,5,NVIDIA RTX PRO 5000 Blackwell,12.0,int8,INT8,INT32,INT32,8192,8192,8192,2.084832,2.093184,527.386213,TOPS,False,PASS,OK,cuBLASLt algo 21 layout=TN per-tensor scale,0,"actual=8192, expected=8192, tolerance=1e-06"
isolated,5,NVIDIA RTX PRO 5000 Blackwell,12.0,int8,INT8,INT32,INT32,16384,16384,16384,16.094303,16.135328,546.534569,TOPS,True,PASS,OK,cuBLASLt algo 21 layout=TN per-tensor scale,0,"actual=16384, expected=16384, tolerance=1e-06"
isolated,5,NVIDIA RTX PRO 5000 Blackwell,12.0,fp8_e4m3,FP8_E4M3,FP32,FP16,4096,4096,4096,0.328896,0.330720,417.879692,TFLOPS,True,PASS,OK,cuBLASLt algo 35 layout=TN per-tensor scale,67125407,"actual=1024, expected=1024, tolerance=30.72"
isolated,5,NVIDIA RTX PRO 5000 Blackwell,12.0,fp8_e4m3,FP8_E4M3,FP32,FP16,8192,8192,8192,0.000000,0.000000,0.000000,TFLOPS,False,NOT_RUN,UNSUPPORTED,,268435456,All cuBLASLt heuristic algorithms failed
isolated,5,NVIDIA RTX PRO 5000 Blackwell,12.0,fp8_e4m3,FP8_E4M3,FP32,FP16,16384,16384,16384,22.620993,22.636543,388.846465,TFLOPS,False,PASS,OK,cuBLASLt algo 67 layout=TN per-tensor scale,0,"actual=4096, expected=4096, tolerance=122.88"
isolated,5,NVIDIA RTX PRO 5000 Blackwell,12.0,fp8_e5m2,FP8_E5M2,FP32,FP16,4096,4096,4096,0.000000,0.000000,0.000000,TFLOPS,False,NOT_RUN,UNSUPPORTED,,268435456,No cuBLASLt algorithm for fp8_e5m2 (CUBLAS_STATUS_NOT_SUPPORTED); cuBLASLt did not provide a kernel for this precision/layout on this GPU architecture
isolated,5,NVIDIA RTX PRO 5000 Blackwell,12.0,fp8_e5m2,FP8_E5M2,FP32,FP16,8192,8192,8192,0.000000,0.000000,0.000000,TFLOPS,False,NOT_RUN,UNSUPPORTED,,268435456,No cuBLASLt algorithm for fp8_e5m2 (CUBLAS_STATUS_NOT_SUPPORTED); cuBLASLt did not provide a kernel for this precision/layout on this GPU architecture
isolated,5,NVIDIA RTX PRO 5000 Blackwell,12.0,fp8_e5m2,FP8_E5M2,FP32,FP16,16384,16384,16384,0.000000,0.000000,0.000000,TFLOPS,False,NOT_RUN,UNSUPPORTED,,268435456,No cuBLASLt algorithm for fp8_e5m2 (CUBLAS_STATUS_NOT_SUPPORTED); cuBLASLt did not provide a kernel for this precision/layout on this GPU architecture
isolated,5,NVIDIA RTX PRO 5000 Blackwell,12.0,nvfp4,FP4_E2M1,FP32,BF16,4096,4096,4096,0.158048,0.158400,869.602590,TFLOPS,False,PASS,OK,cuBLASLt NVFP4 block-scaled (VEC16_UE4M3) layout=TN,0,"actual=1024, expected=1024, tolerance=30.72"
isolated,5,NVIDIA RTX PRO 5000 Blackwell,12.0,nvfp4,FP4_E2M1,FP32,BF16,8192,8192,8192,1.063168,1.066016,1034.184228,TFLOPS,False,PASS,OK,cuBLASLt NVFP4 block-scaled (VEC16_UE4M3) layout=TN,0,"actual=2048, expected=2048, tolerance=61.44"
isolated,5,NVIDIA RTX PRO 5000 Blackwell,12.0,nvfp4,FP4_E2M1,FP32,BF16,16384,16384,16384,8.291552,8.402144,1060.850062,TFLOPS,True,PASS,OK,cuBLASLt NVFP4 block-scaled (VEC16_UE4M3) layout=TN,0,"actual=4096, expected=4096, tolerance=122.88"
isolated,5,NVIDIA RTX PRO 5000 Blackwell,12.0,fp16,FP16,FP32,FP16,4096,4096,4096,0.553344,0.555360,248.378858,TFLOPS,False,PASS,OK,cuBLASLt algo 21 layout=NN per-tensor scale,0,"actual=1024, expected=1024, tolerance=30.72"
isolated,5,NVIDIA RTX PRO 5000 Blackwell,12.0,fp16,FP16,FP32,FP16,8192,8192,8192,4.365376,4.369632,251.871002,TFLOPS,False,PASS,OK,cuBLASLt algo 21 layout=NN per-tensor scale,0,"actual=2048, expected=2048, tolerance=61.44"
isolated,5,NVIDIA RTX PRO 5000 Blackwell,12.0,fp16,FP16,FP32,FP16,16384,16384,16384,33.798206,33.815647,260.253249,TFLOPS,True,PASS,OK,cuBLASLt algo 21 layout=NN per-tensor scale,65536,"actual=4096, expected=4096, tolerance=122.88"
isolated,5,NVIDIA RTX PRO 5000 Blackwell,12.0,bf16,BF16,FP32,BF16,4096,4096,4096,0.557344,0.559296,246.596265,TFLOPS,False,PASS,OK,cuBLASLt algo 21 layout=NN per-tensor scale,0,"actual=1024, expected=1024, tolerance=30.72"
isolated,5,NVIDIA RTX PRO 5000 Blackwell,12.0,bf16,BF16,FP32,BF16,8192,8192,8192,4.424864,4.433024,248.484851,TFLOPS,False,PASS,OK,cuBLASLt algo 21 layout=NN per-tensor scale,0,"actual=2048, expected=2048, tolerance=61.44"
isolated,5,NVIDIA RTX PRO 5000 Blackwell,12.0,bf16,BF16,FP32,BF16,16384,16384,16384,34.209728,34.241249,257.122564,TFLOPS,True,PASS,OK,cuBLASLt algo 21 layout=NN per-tensor scale,65536,"actual=4096, expected=4096, tolerance=122.88"
isolated,5,NVIDIA RTX PRO 5000 Blackwell,12.0,tf32,FP32,FP32,FP32,4096,4096,4096,1.064992,1.067040,129.051636,TFLOPS,False,PASS,OK,cuBLASLt algo 21 layout=NN per-tensor scale,0,"actual=1024, expected=1024, tolerance=30.72"
isolated,5,NVIDIA RTX PRO 5000 Blackwell,12.0,tf32,FP32,FP32,FP32,8192,8192,8192,7.983232,7.987232,137.727630,TFLOPS,False,PASS,OK,cuBLASLt algo 21 layout=NN per-tensor scale,0,"actual=2048, expected=2048, tolerance=61.44"
isolated,5,NVIDIA RTX PRO 5000 Blackwell,12.0,tf32,FP32,FP32,FP32,12288,12288,12288,26.441601,26.460192,140.341418,TFLOPS,True,PASS,OK,cuBLASLt algo 21 layout=NN per-tensor scale,0,"actual=3072, expected=3072, tolerance=92.16"
isolated,5,NVIDIA RTX PRO 5000 Blackwell,12.0,fp32,FP32,FP32,FP32,4096,4096,4096,2.728192,2.733120,50.377301,TFLOPS,False,PASS,OK,cuBLASLt algo 20 layout=NN per-tensor scale,2048,"actual=1024, expected=1024, tolerance=0.01024"
isolated,5,NVIDIA RTX PRO 5000 Blackwell,12.0,fp32,FP32,FP32,FP32,8192,8192,8192,20.941889,20.950081,52.502983,TFLOPS,True,PASS,OK,cuBLASLt algo 20 layout=NN per-tensor scale,0,"actual=2048, expected=2048, tolerance=0.02048"
isolated,5,NVIDIA RTX PRO 5000 Blackwell,12.0,fp32,FP32,FP32,FP32,12288,12288,12288,73.235519,73.246399,50.670109,TFLOPS,False,PASS,OK,cuBLASLt algo 20 layout=NN per-tensor scale,18432,"actual=3072, expected=3072, tolerance=0.03072"
isolated,5,NVIDIA RTX PRO 5000 Blackwell,12.0,fp64,FP64,FP64,FP64,2048,2048,2048,17.396576,17.398209,0.987543,TFLOPS,False,PASS,OK,cuBLASLt algo 22 layout=NN per-tensor scale,0,"actual=512, expected=512, tolerance=1e-06"
isolated,5,NVIDIA RTX PRO 5000 Blackwell,12.0,fp64,FP64,FP64,FP64,4096,4096,4096,137.295715,137.304901,1.001043,TFLOPS,False,PASS,OK,cuBLASLt algo 22 layout=NN per-tensor scale,0,"actual=1024, expected=1024, tolerance=1e-06"
isolated,5,NVIDIA RTX PRO 5000 Blackwell,12.0,fp64,FP64,FP64,FP64,6144,6144,6144,461.150024,461.244019,1.005869,TFLOPS,True,PASS,OK,cuBLASLt algo 22 layout=NN per-tensor scale,0,"actual=1536, expected=1536, tolerance=1e-06"
isolated,6,NVIDIA RTX PRO 5000 Blackwell,12.0,int4,,,,0,0,0,0.000000,0.000000,0.000000,,False,NOT_RUN,UNSUPPORTED,,0,"cuBLASLt does not provide a dense INT4 GEMM kernel; INT4 Tensor Core is used via inference frameworks (CUTLASS/quantized paths), not standard dense GEMM APIs"
isolated,6,NVIDIA RTX PRO 5000 Blackwell,12.0,int8,INT8,INT32,INT32,4096,4096,4096,0.295808,0.297792,464.622185,TOPS,False,PASS,OK,cuBLASLt algo 21 layout=TN per-tensor scale,0,"actual=4096, expected=4096, tolerance=1e-06"
isolated,6,NVIDIA RTX PRO 5000 Blackwell,12.0,int8,INT8,INT32,INT32,8192,8192,8192,2.087488,2.093664,526.715201,TOPS,False,PASS,OK,cuBLASLt algo 21 layout=TN per-tensor scale,0,"actual=8192, expected=8192, tolerance=1e-06"
isolated,6,NVIDIA RTX PRO 5000 Blackwell,12.0,int8,INT8,INT32,INT32,16384,16384,16384,16.326241,16.373280,538.770270,TOPS,True,PASS,OK,cuBLASLt algo 21 layout=TN per-tensor scale,0,"actual=16384, expected=16384, tolerance=1e-06"
isolated,6,NVIDIA RTX PRO 5000 Blackwell,12.0,fp8_e4m3,FP8_E4M3,FP32,FP16,4096,4096,4096,0.329248,0.329472,417.432904,TFLOPS,True,PASS,OK,cuBLASLt algo 35 layout=TN per-tensor scale,67125407,"actual=1024, expected=1024, tolerance=30.72"
isolated,6,NVIDIA RTX PRO 5000 Blackwell,12.0,fp8_e4m3,FP8_E4M3,FP32,FP16,8192,8192,8192,0.000000,0.000000,0.000000,TFLOPS,False,NOT_RUN,UNSUPPORTED,,268435456,All cuBLASLt heuristic algorithms failed
isolated,6,NVIDIA RTX PRO 5000 Blackwell,12.0,fp8_e4m3,FP8_E4M3,FP32,FP16,16384,16384,16384,23.086720,23.125536,381.002291,TFLOPS,False,PASS,OK,cuBLASLt algo 67 layout=TN per-tensor scale,0,"actual=4096, expected=4096, tolerance=122.88"
isolated,6,NVIDIA RTX PRO 5000 Blackwell,12.0,fp8_e5m2,FP8_E5M2,FP32,FP16,4096,4096,4096,0.000000,0.000000,0.000000,TFLOPS,False,NOT_RUN,UNSUPPORTED,,268435456,No cuBLASLt algorithm for fp8_e5m2 (CUBLAS_STATUS_NOT_SUPPORTED); cuBLASLt did not provide a kernel for this precision/layout on this GPU architecture
isolated,6,NVIDIA RTX PRO 5000 Blackwell,12.0,fp8_e5m2,FP8_E5M2,FP32,FP16,8192,8192,8192,0.000000,0.000000,0.000000,TFLOPS,False,NOT_RUN,UNSUPPORTED,,268435456,No cuBLASLt algorithm for fp8_e5m2 (CUBLAS_STATUS_NOT_SUPPORTED); cuBLASLt did not provide a kernel for this precision/layout on this GPU architecture
isolated,6,NVIDIA RTX PRO 5000 Blackwell,12.0,fp8_e5m2,FP8_E5M2,FP32,FP16,16384,16384,16384,0.000000,0.000000,0.000000,TFLOPS,False,NOT_RUN,UNSUPPORTED,,268435456,No cuBLASLt algorithm for fp8_e5m2 (CUBLAS_STATUS_NOT_SUPPORTED); cuBLASLt did not provide a kernel for this precision/layout on this GPU architecture
isolated,6,NVIDIA RTX PRO 5000 Blackwell,12.0,nvfp4,FP4_E2M1,FP32,BF16,4096,4096,4096,0.158432,0.158752,867.494872,TFLOPS,False,PASS,OK,cuBLASLt NVFP4 block-scaled (VEC16_UE4M3) layout=TN,0,"actual=1024, expected=1024, tolerance=30.72"
isolated,6,NVIDIA RTX PRO 5000 Blackwell,12.0,nvfp4,FP4_E2M1,FP32,BF16,8192,8192,8192,1.065536,1.068864,1031.885929,TFLOPS,False,PASS,OK,cuBLASLt NVFP4 block-scaled (VEC16_UE4M3) layout=TN,0,"actual=2048, expected=2048, tolerance=61.44"
isolated,6,NVIDIA RTX PRO 5000 Blackwell,12.0,nvfp4,FP4_E2M1,FP32,BF16,16384,16384,16384,8.451840,8.494656,1040.731084,TFLOPS,True,PASS,OK,cuBLASLt NVFP4 block-scaled (VEC16_UE4M3) layout=TN,0,"actual=4096, expected=4096, tolerance=122.88"
isolated,6,NVIDIA RTX PRO 5000 Blackwell,12.0,fp16,FP16,FP32,FP16,4096,4096,4096,0.555680,0.556000,247.334724,TFLOPS,False,PASS,OK,cuBLASLt algo 21 layout=NN per-tensor scale,0,"actual=1024, expected=1024, tolerance=30.72"
isolated,6,NVIDIA RTX PRO 5000 Blackwell,12.0,fp16,FP16,FP32,FP16,8192,8192,8192,4.428384,4.432512,248.287337,TFLOPS,False,PASS,OK,cuBLASLt algo 21 layout=NN per-tensor scale,0,"actual=2048, expected=2048, tolerance=61.44"
isolated,6,NVIDIA RTX PRO 5000 Blackwell,12.0,fp16,FP16,FP32,FP16,16384,16384,16384,34.258400,34.276928,256.757263,TFLOPS,True,PASS,OK,cuBLASLt algo 21 layout=NN per-tensor scale,65536,"actual=4096, expected=4096, tolerance=122.88"
isolated,6,NVIDIA RTX PRO 5000 Blackwell,12.0,bf16,BF16,FP32,BF16,4096,4096,4096,0.559552,0.559968,245.623195,TFLOPS,False,PASS,OK,cuBLASLt algo 21 layout=NN per-tensor scale,0,"actual=1024, expected=1024, tolerance=30.72"
isolated,6,NVIDIA RTX PRO 5000 Blackwell,12.0,bf16,BF16,FP32,BF16,8192,8192,8192,4.503264,4.510240,244.158823,TFLOPS,False,PASS,OK,cuBLASLt algo 21 layout=NN per-tensor scale,0,"actual=2048, expected=2048, tolerance=61.44"
isolated,6,NVIDIA RTX PRO 5000 Blackwell,12.0,bf16,BF16,FP32,BF16,16384,16384,16384,34.695713,34.710751,253.521033,TFLOPS,True,PASS,OK,cuBLASLt algo 21 layout=NN per-tensor scale,65536,"actual=4096, expected=4096, tolerance=122.88"
isolated,6,NVIDIA RTX PRO 5000 Blackwell,12.0,tf32,FP32,FP32,FP32,4096,4096,4096,1.066688,1.068896,128.846449,TFLOPS,False,PASS,OK,cuBLASLt algo 21 layout=NN per-tensor scale,0,"actual=1024, expected=1024, tolerance=30.72"
isolated,6,NVIDIA RTX PRO 5000 Blackwell,12.0,tf32,FP32,FP32,FP32,8192,8192,8192,8.047232,8.053440,136.632282,TFLOPS,False,PASS,OK,cuBLASLt algo 21 layout=NN per-tensor scale,0,"actual=2048, expected=2048, tolerance=61.44"
isolated,6,NVIDIA RTX PRO 5000 Blackwell,12.0,tf32,FP32,FP32,FP32,12288,12288,12288,26.744064,26.796480,138.754218,TFLOPS,True,PASS,OK,cuBLASLt algo 21 layout=NN per-tensor scale,0,"actual=3072, expected=3072, tolerance=92.16"
isolated,6,NVIDIA RTX PRO 5000 Blackwell,12.0,fp32,FP32,FP32,FP32,4096,4096,4096,2.742048,2.747008,50.122738,TFLOPS,False,PASS,OK,cuBLASLt algo 20 layout=NN per-tensor scale,2048,"actual=1024, expected=1024, tolerance=0.01024"
isolated,6,NVIDIA RTX PRO 5000 Blackwell,12.0,fp32,FP32,FP32,FP32,8192,8192,8192,21.147264,21.159201,51.993090,TFLOPS,True,PASS,OK,cuBLASLt algo 20 layout=NN per-tensor scale,0,"actual=2048, expected=2048, tolerance=0.02048"
isolated,6,NVIDIA RTX PRO 5000 Blackwell,12.0,fp32,FP32,FP32,FP32,12288,12288,12288,73.836769,73.873283,50.257504,TFLOPS,False,PASS,OK,cuBLASLt algo 20 layout=NN per-tensor scale,18432,"actual=3072, expected=3072, tolerance=0.03072"
isolated,6,NVIDIA RTX PRO 5000 Blackwell,12.0,fp64,FP64,FP64,FP64,2048,2048,2048,17.444481,17.447680,0.984831,TFLOPS,False,PASS,OK,cuBLASLt algo 22 layout=NN per-tensor scale,0,"actual=512, expected=512, tolerance=1e-06"
isolated,6,NVIDIA RTX PRO 5000 Blackwell,12.0,fp64,FP64,FP64,FP64,4096,4096,4096,137.706696,137.726181,0.998056,TFLOPS,False,PASS,OK,cuBLASLt algo 22 layout=NN per-tensor scale,0,"actual=1024, expected=1024, tolerance=1e-06"
isolated,6,NVIDIA RTX PRO 5000 Blackwell,12.0,fp64,FP64,FP64,FP64,6144,6144,6144,462.519562,462.605591,1.002890,TFLOPS,True,PASS,OK,cuBLASLt algo 22 layout=NN per-tensor scale,0,"actual=1536, expected=1536, tolerance=1e-06"
isolated,7,NVIDIA RTX PRO 5000 Blackwell,12.0,int4,,,,0,0,0,0.000000,0.000000,0.000000,,False,NOT_RUN,UNSUPPORTED,,0,"cuBLASLt does not provide a dense INT4 GEMM kernel; INT4 Tensor Core is used via inference frameworks (CUTLASS/quantized paths), not standard dense GEMM APIs"
isolated,7,NVIDIA RTX PRO 5000 Blackwell,12.0,int8,INT8,INT32,INT32,4096,4096,4096,0.297568,0.298464,461.874115,TOPS,False,PASS,OK,cuBLASLt algo 21 layout=TN per-tensor scale,0,"actual=4096, expected=4096, tolerance=1e-06"
isolated,7,NVIDIA RTX PRO 5000 Blackwell,12.0,int8,INT8,INT32,INT32,8192,8192,8192,2.091648,2.097696,525.667595,TOPS,False,PASS,OK,cuBLASLt algo 21 layout=TN per-tensor scale,0,"actual=8192, expected=8192, tolerance=1e-06"
isolated,7,NVIDIA RTX PRO 5000 Blackwell,12.0,int8,INT8,INT32,INT32,16384,16384,16384,16.297504,16.340384,539.720241,TOPS,True,PASS,OK,cuBLASLt algo 21 layout=TN per-tensor scale,0,"actual=16384, expected=16384, tolerance=1e-06"
isolated,7,NVIDIA RTX PRO 5000 Blackwell,12.0,fp8_e4m3,FP8_E4M3,FP32,FP16,4096,4096,4096,0.329408,0.331424,417.230176,TFLOPS,True,PASS,OK,cuBLASLt algo 35 layout=TN per-tensor scale,67125407,"actual=1024, expected=1024, tolerance=30.72"
isolated,7,NVIDIA RTX PRO 5000 Blackwell,12.0,fp8_e4m3,FP8_E4M3,FP32,FP16,8192,8192,8192,0.000000,0.000000,0.000000,TFLOPS,False,NOT_RUN,UNSUPPORTED,,268435456,All cuBLASLt heuristic algorithms failed
isolated,7,NVIDIA RTX PRO 5000 Blackwell,12.0,fp8_e4m3,FP8_E4M3,FP32,FP16,16384,16384,16384,22.990335,23.024063,382.599594,TFLOPS,False,PASS,OK,cuBLASLt algo 67 layout=TN per-tensor scale,0,"actual=4096, expected=4096, tolerance=122.88"
isolated,7,NVIDIA RTX PRO 5000 Blackwell,12.0,fp8_e5m2,FP8_E5M2,FP32,FP16,4096,4096,4096,0.000000,0.000000,0.000000,TFLOPS,False,NOT_RUN,UNSUPPORTED,,268435456,No cuBLASLt algorithm for fp8_e5m2 (CUBLAS_STATUS_NOT_SUPPORTED); cuBLASLt did not provide a kernel for this precision/layout on this GPU architecture
isolated,7,NVIDIA RTX PRO 5000 Blackwell,12.0,fp8_e5m2,FP8_E5M2,FP32,FP16,8192,8192,8192,0.000000,0.000000,0.000000,TFLOPS,False,NOT_RUN,UNSUPPORTED,,268435456,No cuBLASLt algorithm for fp8_e5m2 (CUBLAS_STATUS_NOT_SUPPORTED); cuBLASLt did not provide a kernel for this precision/layout on this GPU architecture
isolated,7,NVIDIA RTX PRO 5000 Blackwell,12.0,fp8_e5m2,FP8_E5M2,FP32,FP16,16384,16384,16384,0.000000,0.000000,0.000000,TFLOPS,False,NOT_RUN,UNSUPPORTED,,268435456,No cuBLASLt algorithm for fp8_e5m2 (CUBLAS_STATUS_NOT_SUPPORTED); cuBLASLt did not provide a kernel for this precision/layout on this GPU architecture
isolated,7,NVIDIA RTX PRO 5000 Blackwell,12.0,nvfp4,FP4_E2M1,FP32,BF16,4096,4096,4096,0.158848,0.160736,865.223051,TFLOPS,False,PASS,OK,cuBLASLt NVFP4 block-scaled (VEC16_UE4M3) layout=TN,0,"actual=1024, expected=1024, tolerance=30.72"
isolated,7,NVIDIA RTX PRO 5000 Blackwell,12.0,nvfp4,FP4_E2M1,FP32,BF16,8192,8192,8192,1.067488,1.071648,1029.999095,TFLOPS,False,PASS,OK,cuBLASLt NVFP4 block-scaled (VEC16_UE4M3) layout=TN,0,"actual=2048, expected=2048, tolerance=61.44"
isolated,7,NVIDIA RTX PRO 5000 Blackwell,12.0,nvfp4,FP4_E2M1,FP32,BF16,16384,16384,16384,8.444480,8.494752,1041.638216,TFLOPS,True,PASS,OK,cuBLASLt NVFP4 block-scaled (VEC16_UE4M3) layout=TN,0,"actual=4096, expected=4096, tolerance=122.88"
isolated,7,NVIDIA RTX PRO 5000 Blackwell,12.0,fp16,FP16,FP32,FP16,4096,4096,4096,0.557728,0.559328,246.426493,TFLOPS,False,PASS,OK,cuBLASLt algo 21 layout=NN per-tensor scale,0,"actual=1024, expected=1024, tolerance=30.72"
isolated,7,NVIDIA RTX PRO 5000 Blackwell,12.0,fp16,FP16,FP32,FP16,8192,8192,8192,4.433536,4.437728,247.998802,TFLOPS,False,PASS,OK,cuBLASLt algo 21 layout=NN per-tensor scale,0,"actual=2048, expected=2048, tolerance=61.44"
isolated,7,NVIDIA RTX PRO 5000 Blackwell,12.0,fp16,FP16,FP32,FP16,16384,16384,16384,34.229023,34.256386,256.977625,TFLOPS,True,PASS,OK,cuBLASLt algo 21 layout=NN per-tensor scale,65536,"actual=4096, expected=4096, tolerance=122.88"
isolated,7,NVIDIA RTX PRO 5000 Blackwell,12.0,bf16,BF16,FP32,BF16,4096,4096,4096,0.561856,0.563840,244.615988,TFLOPS,False,PASS,OK,cuBLASLt algo 21 layout=NN per-tensor scale,0,"actual=1024, expected=1024, tolerance=30.72"
isolated,7,NVIDIA RTX PRO 5000 Blackwell,12.0,bf16,BF16,FP32,BF16,8192,8192,8192,4.492832,4.500000,244.725728,TFLOPS,False,PASS,OK,cuBLASLt algo 21 layout=NN per-tensor scale,0,"actual=2048, expected=2048, tolerance=61.44"
isolated,7,NVIDIA RTX PRO 5000 Blackwell,12.0,bf16,BF16,FP32,BF16,16384,16384,16384,34.614880,34.640415,254.113061,TFLOPS,True,PASS,OK,cuBLASLt algo 21 layout=NN per-tensor scale,65536,"actual=4096, expected=4096, tolerance=122.88"
isolated,7,NVIDIA RTX PRO 5000 Blackwell,12.0,tf32,FP32,FP32,FP32,4096,4096,4096,1.070624,1.071744,128.372757,TFLOPS,False,PASS,OK,cuBLASLt algo 21 layout=NN per-tensor scale,0,"actual=1024, expected=1024, tolerance=30.72"
isolated,7,NVIDIA RTX PRO 5000 Blackwell,12.0,tf32,FP32,FP32,FP32,8192,8192,8192,8.071840,8.078016,136.215731,TFLOPS,False,PASS,OK,cuBLASLt algo 21 layout=NN per-tensor scale,0,"actual=2048, expected=2048, tolerance=61.44"
isolated,7,NVIDIA RTX PRO 5000 Blackwell,12.0,tf32,FP32,FP32,FP32,12288,12288,12288,26.752384,26.782335,138.711067,TFLOPS,True,PASS,OK,cuBLASLt algo 21 layout=NN per-tensor scale,0,"actual=3072, expected=3072, tolerance=92.16"
isolated,7,NVIDIA RTX PRO 5000 Blackwell,12.0,fp32,FP32,FP32,FP32,4096,4096,4096,2.748416,2.752192,50.006606,TFLOPS,False,PASS,OK,cuBLASLt algo 20 layout=NN per-tensor scale,2048,"actual=1024, expected=1024, tolerance=0.01024"
isolated,7,NVIDIA RTX PRO 5000 Blackwell,12.0,fp32,FP32,FP32,FP32,8192,8192,8192,21.166496,21.202175,51.945849,TFLOPS,True,PASS,OK,cuBLASLt algo 20 layout=NN per-tensor scale,0,"actual=2048, expected=2048, tolerance=0.02048"
isolated,7,NVIDIA RTX PRO 5000 Blackwell,12.0,fp32,FP32,FP32,FP32,12288,12288,12288,73.762146,73.784897,50.308348,TFLOPS,False,PASS,OK,cuBLASLt algo 20 layout=NN per-tensor scale,18432,"actual=3072, expected=3072, tolerance=0.03072"
isolated,7,NVIDIA RTX PRO 5000 Blackwell,12.0,fp64,FP64,FP64,FP64,2048,2048,2048,17.507809,17.509632,0.981269,TFLOPS,False,PASS,OK,cuBLASLt algo 22 layout=NN per-tensor scale,0,"actual=512, expected=512, tolerance=1e-06"
isolated,7,NVIDIA RTX PRO 5000 Blackwell,12.0,fp64,FP64,FP64,FP64,4096,4096,4096,138.303970,138.324249,0.993746,TFLOPS,False,PASS,OK,cuBLASLt algo 22 layout=NN per-tensor scale,0,"actual=1024, expected=1024, tolerance=1e-06"
isolated,7,NVIDIA RTX PRO 5000 Blackwell,12.0,fp64,FP64,FP64,FP64,6144,6144,6144,464.595306,464.639191,0.998410,TFLOPS,True,PASS,OK,cuBLASLt algo 22 layout=NN per-tensor scale,0,"actual=1536, expected=1536, tolerance=1e-06"
concurrent,0,NVIDIA RTX PRO 5000 Blackwell,12.0,int4,,,,0,0,0,0.000000,0.000000,0.000000,,False,NOT_RUN,UNSUPPORTED,,0,"cuBLASLt does not provide a dense INT4 GEMM kernel; INT4 Tensor Core is used via inference frameworks (CUTLASS/quantized paths), not standard dense GEMM APIs"
concurrent,0,NVIDIA RTX PRO 5000 Blackwell,12.0,int8,INT8,INT32,INT32,4096,4096,4096,0.293472,0.293664,468.320512,TOPS,False,PASS,OK,cuBLASLt algo 21 layout=TN per-tensor scale,0,"actual=4096, expected=4096, tolerance=1e-06"
concurrent,0,NVIDIA RTX PRO 5000 Blackwell,12.0,int8,INT8,INT32,INT32,8192,8192,8192,2.061920,2.070912,533.246521,TOPS,False,PASS,OK,cuBLASLt algo 21 layout=TN per-tensor scale,0,"actual=8192, expected=8192, tolerance=1e-06"
concurrent,0,NVIDIA RTX PRO 5000 Blackwell,12.0,int8,INT8,INT32,INT32,16384,16384,16384,16.041471,16.079359,548.334549,TOPS,True,PASS,OK,cuBLASLt algo 21 layout=TN per-tensor scale,0,"actual=16384, expected=16384, tolerance=1e-06"
concurrent,0,NVIDIA RTX PRO 5000 Blackwell,12.0,fp8_e4m3,FP8_E4M3,FP32,FP16,4096,4096,4096,0.280096,0.281504,490.685180,TFLOPS,False,PASS,OK,cuBLASLt algo 67 layout=TN per-tensor scale,0,"actual=1024, expected=1024, tolerance=30.72"
concurrent,0,NVIDIA RTX PRO 5000 Blackwell,12.0,fp8_e4m3,FP8_E4M3,FP32,FP16,8192,8192,8192,1.974912,1.984064,556.739542,TFLOPS,True,PASS,OK,cuBLASLt algo 67 layout=TN per-tensor scale,0,"actual=2048, expected=2048, tolerance=61.44"
concurrent,0,NVIDIA RTX PRO 5000 Blackwell,12.0,fp8_e4m3,FP8_E4M3,FP32,FP16,16384,16384,16384,15.992352,16.012417,550.018739,TFLOPS,False,PASS,OK,cuBLASLt algo 67 layout=TN per-tensor scale,0,"actual=4096, expected=4096, tolerance=122.88"
concurrent,0,NVIDIA RTX PRO 5000 Blackwell,12.0,fp8_e5m2,FP8_E5M2,FP32,FP16,4096,4096,4096,0.000000,0.000000,0.000000,TFLOPS,False,NOT_RUN,UNSUPPORTED,,268435456,No cuBLASLt algorithm for fp8_e5m2 (CUBLAS_STATUS_NOT_SUPPORTED); cuBLASLt did not provide a kernel for this precision/layout on this GPU architecture
concurrent,0,NVIDIA RTX PRO 5000 Blackwell,12.0,fp8_e5m2,FP8_E5M2,FP32,FP16,8192,8192,8192,0.000000,0.000000,0.000000,TFLOPS,False,NOT_RUN,UNSUPPORTED,,268435456,No cuBLASLt algorithm for fp8_e5m2 (CUBLAS_STATUS_NOT_SUPPORTED); cuBLASLt did not provide a kernel for this precision/layout on this GPU architecture
concurrent,0,NVIDIA RTX PRO 5000 Blackwell,12.0,fp8_e5m2,FP8_E5M2,FP32,FP16,16384,16384,16384,0.000000,0.000000,0.000000,TFLOPS,False,NOT_RUN,UNSUPPORTED,,268435456,No cuBLASLt algorithm for fp8_e5m2 (CUBLAS_STATUS_NOT_SUPPORTED); cuBLASLt did not provide a kernel for this precision/layout on this GPU architecture
concurrent,0,NVIDIA RTX PRO 5000 Blackwell,12.0,nvfp4,FP4_E2M1,FP32,BF16,4096,4096,4096,0.156832,0.159648,876.345122,TFLOPS,False,PASS,OK,cuBLASLt NVFP4 block-scaled (VEC16_UE4M3) layout=TN,0,"actual=1024, expected=1024, tolerance=30.72"
concurrent,0,NVIDIA RTX PRO 5000 Blackwell,12.0,nvfp4,FP4_E2M1,FP32,BF16,8192,8192,8192,1.057248,1.063360,1039.975135,TFLOPS,False,PASS,OK,cuBLASLt NVFP4 block-scaled (VEC16_UE4M3) layout=TN,0,"actual=2048, expected=2048, tolerance=61.44"
concurrent,0,NVIDIA RTX PRO 5000 Blackwell,12.0,nvfp4,FP4_E2M1,FP32,BF16,16384,16384,16384,8.426048,8.458784,1043.916760,TFLOPS,True,PASS,OK,cuBLASLt NVFP4 block-scaled (VEC16_UE4M3) layout=TN,0,"actual=4096, expected=4096, tolerance=122.88"
concurrent,0,NVIDIA RTX PRO 5000 Blackwell,12.0,fp16,FP16,FP32,FP16,4096,4096,4096,0.553280,0.554464,248.407596,TFLOPS,False,PASS,OK,cuBLASLt algo 21 layout=NN per-tensor scale,0,"actual=1024, expected=1024, tolerance=30.72"
concurrent,0,NVIDIA RTX PRO 5000 Blackwell,12.0,fp16,FP16,FP32,FP16,8192,8192,8192,4.392416,4.398368,250.320468,TFLOPS,False,PASS,OK,cuBLASLt algo 21 layout=NN per-tensor scale,0,"actual=2048, expected=2048, tolerance=61.44"
concurrent,0,NVIDIA RTX PRO 5000 Blackwell,12.0,fp16,FP16,FP32,FP16,16384,16384,16384,33.969505,34.006336,258.940863,TFLOPS,True,PASS,OK,cuBLASLt algo 21 layout=NN per-tensor scale,65536,"actual=4096, expected=4096, tolerance=122.88"
concurrent,0,NVIDIA RTX PRO 5000 Blackwell,12.0,bf16,BF16,FP32,BF16,4096,4096,4096,0.557696,0.558720,246.440636,TFLOPS,False,PASS,OK,cuBLASLt algo 21 layout=NN per-tensor scale,0,"actual=1024, expected=1024, tolerance=30.72"
concurrent,0,NVIDIA RTX PRO 5000 Blackwell,12.0,bf16,BF16,FP32,BF16,8192,8192,8192,4.473248,4.478496,245.797154,TFLOPS,False,PASS,OK,cuBLASLt algo 21 layout=NN per-tensor scale,0,"actual=2048, expected=2048, tolerance=61.44"
concurrent,0,NVIDIA RTX PRO 5000 Blackwell,12.0,bf16,BF16,FP32,BF16,16384,16384,16384,34.406975,34.425442,255.648544,TFLOPS,True,PASS,OK,cuBLASLt algo 21 layout=NN per-tensor scale,65536,"actual=4096, expected=4096, tolerance=122.88"
concurrent,0,NVIDIA RTX PRO 5000 Blackwell,12.0,tf32,FP32,FP32,FP32,4096,4096,4096,1.065632,1.068448,128.974126,TFLOPS,False,PASS,OK,cuBLASLt algo 21 layout=NN per-tensor scale,0,"actual=1024, expected=1024, tolerance=30.72"
concurrent,0,NVIDIA RTX PRO 5000 Blackwell,12.0,tf32,FP32,FP32,FP32,8192,8192,8192,8.014432,8.018400,137.191461,TFLOPS,False,PASS,OK,cuBLASLt algo 21 layout=NN per-tensor scale,0,"actual=2048, expected=2048, tolerance=61.44"
concurrent,0,NVIDIA RTX PRO 5000 Blackwell,12.0,tf32,FP32,FP32,FP32,12288,12288,12288,26.560160,26.590624,139.714964,TFLOPS,True,PASS,OK,cuBLASLt algo 21 layout=NN per-tensor scale,0,"actual=3072, expected=3072, tolerance=92.16"
concurrent,0,NVIDIA RTX PRO 5000 Blackwell,12.0,fp32,FP32,FP32,FP32,4096,4096,4096,2.725472,2.730528,50.427579,TFLOPS,False,PASS,OK,cuBLASLt algo 20 layout=NN per-tensor scale,2048,"actual=1024, expected=1024, tolerance=0.01024"
concurrent,0,NVIDIA RTX PRO 5000 Blackwell,12.0,fp32,FP32,FP32,FP32,8192,8192,8192,21.024223,21.040577,52.297372,TFLOPS,True,PASS,OK,cuBLASLt algo 20 layout=NN per-tensor scale,0,"actual=2048, expected=2048, tolerance=0.02048"
concurrent,0,NVIDIA RTX PRO 5000 Blackwell,12.0,fp32,FP32,FP32,FP32,12288,12288,12288,73.378365,73.419395,50.571470,TFLOPS,False,PASS,OK,cuBLASLt algo 20 layout=NN per-tensor scale,18432,"actual=3072, expected=3072, tolerance=0.03072"
concurrent,0,NVIDIA RTX PRO 5000 Blackwell,12.0,fp64,FP64,FP64,FP64,2048,2048,2048,17.324385,17.325567,0.991658,TFLOPS,False,PASS,OK,cuBLASLt algo 22 layout=NN per-tensor scale,0,"actual=512, expected=512, tolerance=1e-06"
concurrent,0,NVIDIA RTX PRO 5000 Blackwell,12.0,fp64,FP64,FP64,FP64,4096,4096,4096,136.660004,136.671524,1.005700,TFLOPS,False,PASS,OK,cuBLASLt algo 22 layout=NN per-tensor scale,0,"actual=1024, expected=1024, tolerance=1e-06"
concurrent,0,NVIDIA RTX PRO 5000 Blackwell,12.0,fp64,FP64,FP64,FP64,6144,6144,6144,459.224274,459.266205,1.010087,TFLOPS,True,PASS,OK,cuBLASLt algo 22 layout=NN per-tensor scale,0,"actual=1536, expected=1536, tolerance=1e-06"
concurrent,1,NVIDIA RTX PRO 5000 Blackwell,12.0,int4,,,,0,0,0,0.000000,0.000000,0.000000,,False,NOT_RUN,UNSUPPORTED,,0,"cuBLASLt does not provide a dense INT4 GEMM kernel; INT4 Tensor Core is used via inference frameworks (CUTLASS/quantized paths), not standard dense GEMM APIs"
concurrent,1,NVIDIA RTX PRO 5000 Blackwell,12.0,int8,INT8,INT32,INT32,4096,4096,4096,0.303360,0.304608,453.055644,TOPS,False,PASS,OK,cuBLASLt algo 21 layout=TN per-tensor scale,0,"actual=4096, expected=4096, tolerance=1e-06"
concurrent,1,NVIDIA RTX PRO 5000 Blackwell,12.0,int8,INT8,INT32,INT32,8192,8192,8192,2.132544,2.141760,515.586833,TOPS,False,PASS,OK,cuBLASLt algo 21 layout=TN per-tensor scale,0,"actual=8192, expected=8192, tolerance=1e-06"
concurrent,1,NVIDIA RTX PRO 5000 Blackwell,12.0,int8,INT8,INT32,INT32,16384,16384,16384,16.481920,16.521631,533.681324,TOPS,True,PASS,OK,cuBLASLt algo 21 layout=TN per-tensor scale,0,"actual=16384, expected=16384, tolerance=1e-06"
concurrent,1,NVIDIA RTX PRO 5000 Blackwell,12.0,fp8_e4m3,FP8_E4M3,FP32,FP16,4096,4096,4096,0.332384,0.333728,413.494505,TFLOPS,True,PASS,OK,cuBLASLt algo 35 layout=TN per-tensor scale,67125407,"actual=1024, expected=1024, tolerance=30.72"
concurrent,1,NVIDIA RTX PRO 5000 Blackwell,12.0,fp8_e4m3,FP8_E4M3,FP32,FP16,8192,8192,8192,0.000000,0.000000,0.000000,TFLOPS,False,NOT_RUN,UNSUPPORTED,,268435456,All cuBLASLt heuristic algorithms failed
concurrent,1,NVIDIA RTX PRO 5000 Blackwell,12.0,fp8_e4m3,FP8_E4M3,FP32,FP16,16384,16384,16384,23.365952,23.384384,376.449168,TFLOPS,False,PASS,OK,cuBLASLt algo 67 layout=TN per-tensor scale,0,"actual=4096, expected=4096, tolerance=122.88"
concurrent,1,NVIDIA RTX PRO 5000 Blackwell,12.0,fp8_e5m2,FP8_E5M2,FP32,FP16,4096,4096,4096,0.000000,0.000000,0.000000,TFLOPS,False,NOT_RUN,UNSUPPORTED,,268435456,No cuBLASLt algorithm for fp8_e5m2 (CUBLAS_STATUS_NOT_SUPPORTED); cuBLASLt did not provide a kernel for this precision/layout on this GPU architecture
concurrent,1,NVIDIA RTX PRO 5000 Blackwell,12.0,fp8_e5m2,FP8_E5M2,FP32,FP16,8192,8192,8192,0.000000,0.000000,0.000000,TFLOPS,False,NOT_RUN,UNSUPPORTED,,268435456,No cuBLASLt algorithm for fp8_e5m2 (CUBLAS_STATUS_NOT_SUPPORTED); cuBLASLt did not provide a kernel for this precision/layout on this GPU architecture
concurrent,1,NVIDIA RTX PRO 5000 Blackwell,12.0,fp8_e5m2,FP8_E5M2,FP32,FP16,16384,16384,16384,0.000000,0.000000,0.000000,TFLOPS,False,NOT_RUN,UNSUPPORTED,,268435456,No cuBLASLt algorithm for fp8_e5m2 (CUBLAS_STATUS_NOT_SUPPORTED); cuBLASLt did not provide a kernel for this precision/layout on this GPU architecture
concurrent,1,NVIDIA RTX PRO 5000 Blackwell,12.0,nvfp4,FP4_E2M1,FP32,BF16,4096,4096,4096,0.162624,0.163392,845.133266,TFLOPS,False,PASS,OK,cuBLASLt NVFP4 block-scaled (VEC16_UE4M3) layout=TN,0,"actual=1024, expected=1024, tolerance=30.72"
concurrent,1,NVIDIA RTX PRO 5000 Blackwell,12.0,nvfp4,FP4_E2M1,FP32,BF16,8192,8192,8192,1.090144,1.093216,1008.592983,TFLOPS,False,PASS,OK,cuBLASLt NVFP4 block-scaled (VEC16_UE4M3) layout=TN,0,"actual=2048, expected=2048, tolerance=61.44"
concurrent,1,NVIDIA RTX PRO 5000 Blackwell,12.0,nvfp4,FP4_E2M1,FP32,BF16,16384,16384,16384,8.610240,8.662528,1021.585117,TFLOPS,True,PASS,OK,cuBLASLt NVFP4 block-scaled (VEC16_UE4M3) layout=TN,0,"actual=4096, expected=4096, tolerance=122.88"
concurrent,1,NVIDIA RTX PRO 5000 Blackwell,12.0,fp16,FP16,FP32,FP16,4096,4096,4096,0.567936,0.569856,241.997254,TFLOPS,False,PASS,OK,cuBLASLt algo 21 layout=NN per-tensor scale,0,"actual=1024, expected=1024, tolerance=30.72"
concurrent,1,NVIDIA RTX PRO 5000 Blackwell,12.0,fp16,FP16,FP32,FP16,8192,8192,8192,4.504928,4.512096,244.068629,TFLOPS,False,PASS,OK,cuBLASLt algo 21 layout=NN per-tensor scale,0,"actual=2048, expected=2048, tolerance=61.44"
concurrent,1,NVIDIA RTX PRO 5000 Blackwell,12.0,fp16,FP16,FP32,FP16,16384,16384,16384,34.794689,34.817440,252.799873,TFLOPS,True,PASS,OK,cuBLASLt algo 21 layout=NN per-tensor scale,65536,"actual=4096, expected=4096, tolerance=122.88"
concurrent,1,NVIDIA RTX PRO 5000 Blackwell,12.0,bf16,BF16,FP32,BF16,4096,4096,4096,0.573952,0.574112,239.460702,TFLOPS,False,PASS,OK,cuBLASLt algo 21 layout=NN per-tensor scale,0,"actual=1024, expected=1024, tolerance=30.72"
concurrent,1,NVIDIA RTX PRO 5000 Blackwell,12.0,bf16,BF16,FP32,BF16,8192,8192,8192,4.572864,4.577792,240.442667,TFLOPS,False,PASS,OK,cuBLASLt algo 21 layout=NN per-tensor scale,0,"actual=2048, expected=2048, tolerance=61.44"
concurrent,1,NVIDIA RTX PRO 5000 Blackwell,12.0,bf16,BF16,FP32,BF16,16384,16384,16384,35.224770,35.259872,249.713288,TFLOPS,True,PASS,OK,cuBLASLt algo 21 layout=NN per-tensor scale,65536,"actual=4096, expected=4096, tolerance=122.88"
concurrent,1,NVIDIA RTX PRO 5000 Blackwell,12.0,tf32,FP32,FP32,FP32,4096,4096,4096,1.090144,1.092224,126.074123,TFLOPS,False,PASS,OK,cuBLASLt algo 21 layout=NN per-tensor scale,0,"actual=1024, expected=1024, tolerance=30.72"
concurrent,1,NVIDIA RTX PRO 5000 Blackwell,12.0,tf32,FP32,FP32,FP32,8192,8192,8192,8.223968,8.230432,133.696008,TFLOPS,False,PASS,OK,cuBLASLt algo 21 layout=NN per-tensor scale,0,"actual=2048, expected=2048, tolerance=61.44"
concurrent,1,NVIDIA RTX PRO 5000 Blackwell,12.0,tf32,FP32,FP32,FP32,12288,12288,12288,27.231680,27.252001,136.269659,TFLOPS,True,PASS,OK,cuBLASLt algo 21 layout=NN per-tensor scale,0,"actual=3072, expected=3072, tolerance=92.16"
concurrent,1,NVIDIA RTX PRO 5000 Blackwell,12.0,fp32,FP32,FP32,FP32,4096,4096,4096,2.797056,2.801952,49.137005,TFLOPS,False,PASS,OK,cuBLASLt algo 20 layout=NN per-tensor scale,2048,"actual=1024, expected=1024, tolerance=0.01024"
concurrent,1,NVIDIA RTX PRO 5000 Blackwell,12.0,fp32,FP32,FP32,FP32,8192,8192,8192,21.566944,21.589439,50.981336,TFLOPS,True,PASS,OK,cuBLASLt algo 20 layout=NN per-tensor scale,0,"actual=2048, expected=2048, tolerance=0.02048"
concurrent,1,NVIDIA RTX PRO 5000 Blackwell,12.0,fp32,FP32,FP32,FP32,12288,12288,12288,75.040131,75.053757,49.451563,TFLOPS,False,PASS,OK,cuBLASLt algo 20 layout=NN per-tensor scale,18432,"actual=3072, expected=3072, tolerance=0.03072"
concurrent,1,NVIDIA RTX PRO 5000 Blackwell,12.0,fp64,FP64,FP64,FP64,2048,2048,2048,17.767872,17.772961,0.966906,TFLOPS,False,PASS,OK,cuBLASLt algo 22 layout=NN per-tensor scale,0,"actual=512, expected=512, tolerance=1e-06"
concurrent,1,NVIDIA RTX PRO 5000 Blackwell,12.0,fp64,FP64,FP64,FP64,4096,4096,4096,140.277023,140.291260,0.979768,TFLOPS,False,PASS,OK,cuBLASLt algo 22 layout=NN per-tensor scale,0,"actual=1024, expected=1024, tolerance=1e-06"
concurrent,1,NVIDIA RTX PRO 5000 Blackwell,12.0,fp64,FP64,FP64,FP64,6144,6144,6144,471.242706,471.328125,0.984326,TFLOPS,True,PASS,OK,cuBLASLt algo 22 layout=NN per-tensor scale,0,"actual=1536, expected=1536, tolerance=1e-06"
concurrent,2,NVIDIA RTX PRO 5000 Blackwell,12.0,int4,,,,0,0,0,0.000000,0.000000,0.000000,,False,NOT_RUN,UNSUPPORTED,,0,"cuBLASLt does not provide a dense INT4 GEMM kernel; INT4 Tensor Core is used via inference frameworks (CUTLASS/quantized paths), not standard dense GEMM APIs"
concurrent,2,NVIDIA RTX PRO 5000 Blackwell,12.0,int8,INT8,INT32,INT32,4096,4096,4096,0.296032,0.298016,464.270579,TOPS,False,PASS,OK,cuBLASLt algo 21 layout=TN per-tensor scale,0,"actual=4096, expected=4096, tolerance=1e-06"
concurrent,2,NVIDIA RTX PRO 5000 Blackwell,12.0,int8,INT8,INT32,INT32,8192,8192,8192,2.079840,2.089120,528.652039,TOPS,False,PASS,OK,cuBLASLt algo 21 layout=TN per-tensor scale,0,"actual=8192, expected=8192, tolerance=1e-06"
concurrent,2,NVIDIA RTX PRO 5000 Blackwell,12.0,int8,INT8,INT32,INT32,16384,16384,16384,16.354176,16.395361,537.849981,TOPS,True,PASS,OK,cuBLASLt algo 21 layout=TN per-tensor scale,0,"actual=16384, expected=16384, tolerance=1e-06"
concurrent,2,NVIDIA RTX PRO 5000 Blackwell,12.0,fp8_e4m3,FP8_E4M3,FP32,FP16,4096,4096,4096,0.337856,0.339872,406.797439,TFLOPS,True,PASS,OK,cuBLASLt algo 35 layout=TN per-tensor scale,67125407,"actual=1024, expected=1024, tolerance=30.72"
concurrent,2,NVIDIA RTX PRO 5000 Blackwell,12.0,fp8_e4m3,FP8_E4M3,FP32,FP16,8192,8192,8192,0.000000,0.000000,0.000000,TFLOPS,False,NOT_RUN,UNSUPPORTED,,268435456,All cuBLASLt heuristic algorithms failed
concurrent,2,NVIDIA RTX PRO 5000 Blackwell,12.0,fp8_e4m3,FP8_E4M3,FP32,FP16,16384,16384,16384,23.351200,23.373665,376.686979,TFLOPS,False,PASS,OK,cuBLASLt algo 67 layout=TN per-tensor scale,0,"actual=4096, expected=4096, tolerance=122.88"
concurrent,2,NVIDIA RTX PRO 5000 Blackwell,12.0,fp8_e5m2,FP8_E5M2,FP32,FP16,4096,4096,4096,0.000000,0.000000,0.000000,TFLOPS,False,NOT_RUN,UNSUPPORTED,,268435456,No cuBLASLt algorithm for fp8_e5m2 (CUBLAS_STATUS_NOT_SUPPORTED); cuBLASLt did not provide a kernel for this precision/layout on this GPU architecture
concurrent,2,NVIDIA RTX PRO 5000 Blackwell,12.0,fp8_e5m2,FP8_E5M2,FP32,FP16,8192,8192,8192,0.000000,0.000000,0.000000,TFLOPS,False,NOT_RUN,UNSUPPORTED,,268435456,No cuBLASLt algorithm for fp8_e5m2 (CUBLAS_STATUS_NOT_SUPPORTED); cuBLASLt did not provide a kernel for this precision/layout on this GPU architecture
concurrent,2,NVIDIA RTX PRO 5000 Blackwell,12.0,fp8_e5m2,FP8_E5M2,FP32,FP16,16384,16384,16384,0.000000,0.000000,0.000000,TFLOPS,False,NOT_RUN,UNSUPPORTED,,268435456,No cuBLASLt algorithm for fp8_e5m2 (CUBLAS_STATUS_NOT_SUPPORTED); cuBLASLt did not provide a kernel for this precision/layout on this GPU architecture
concurrent,2,NVIDIA RTX PRO 5000 Blackwell,12.0,nvfp4,FP4_E2M1,FP32,BF16,4096,4096,4096,0.158592,0.159264,866.619709,TFLOPS,False,PASS,OK,cuBLASLt NVFP4 block-scaled (VEC16_UE4M3) layout=TN,0,"actual=1024, expected=1024, tolerance=30.72"
concurrent,2,NVIDIA RTX PRO 5000 Blackwell,12.0,nvfp4,FP4_E2M1,FP32,BF16,8192,8192,8192,1.066144,1.070112,1031.297497,TFLOPS,True,PASS,OK,cuBLASLt NVFP4 block-scaled (VEC16_UE4M3) layout=TN,0,"actual=2048, expected=2048, tolerance=61.44"
concurrent,2,NVIDIA RTX PRO 5000 Blackwell,12.0,nvfp4,FP4_E2M1,FP32,BF16,16384,16384,16384,8.560672,8.597472,1027.500320,TFLOPS,False,PASS,OK,cuBLASLt NVFP4 block-scaled (VEC16_UE4M3) layout=TN,0,"actual=4096, expected=4096, tolerance=122.88"
concurrent,2,NVIDIA RTX PRO 5000 Blackwell,12.0,fp16,FP16,FP32,FP16,4096,4096,4096,0.558048,0.559232,246.285178,TFLOPS,False,PASS,OK,cuBLASLt algo 21 layout=NN per-tensor scale,0,"actual=1024, expected=1024, tolerance=30.72"
concurrent,2,NVIDIA RTX PRO 5000 Blackwell,12.0,fp16,FP16,FP32,FP16,8192,8192,8192,4.470848,4.485088,245.929096,TFLOPS,False,PASS,OK,cuBLASLt algo 21 layout=NN per-tensor scale,0,"actual=2048, expected=2048, tolerance=61.44"
concurrent,2,NVIDIA RTX PRO 5000 Blackwell,12.0,fp16,FP16,FP32,FP16,16384,16384,16384,34.532673,34.574718,254.717990,TFLOPS,True,PASS,OK,cuBLASLt algo 21 layout=NN per-tensor scale,65536,"actual=4096, expected=4096, tolerance=122.88"
concurrent,2,NVIDIA RTX PRO 5000 Blackwell,12.0,bf16,BF16,FP32,BF16,4096,4096,4096,0.564928,0.565792,243.285790,TFLOPS,False,PASS,OK,cuBLASLt algo 21 layout=NN per-tensor scale,0,"actual=1024, expected=1024, tolerance=30.72"
concurrent,2,NVIDIA RTX PRO 5000 Blackwell,12.0,bf16,BF16,FP32,BF16,8192,8192,8192,4.549536,4.554688,241.675541,TFLOPS,False,PASS,OK,cuBLASLt algo 21 layout=NN per-tensor scale,0,"actual=2048, expected=2048, tolerance=61.44"
concurrent,2,NVIDIA RTX PRO 5000 Blackwell,12.0,bf16,BF16,FP32,BF16,16384,16384,16384,34.896000,34.912289,252.065940,TFLOPS,True,PASS,OK,cuBLASLt algo 21 layout=NN per-tensor scale,65536,"actual=4096, expected=4096, tolerance=122.88"
concurrent,2,NVIDIA RTX PRO 5000 Blackwell,12.0,tf32,FP32,FP32,FP32,4096,4096,4096,1.071200,1.073344,128.303726,TFLOPS,False,PASS,OK,cuBLASLt algo 21 layout=NN per-tensor scale,0,"actual=1024, expected=1024, tolerance=30.72"
concurrent,2,NVIDIA RTX PRO 5000 Blackwell,12.0,tf32,FP32,FP32,FP32,8192,8192,8192,8.133728,8.138912,135.179296,TFLOPS,False,PASS,OK,cuBLASLt algo 21 layout=NN per-tensor scale,0,"actual=2048, expected=2048, tolerance=61.44"
concurrent,2,NVIDIA RTX PRO 5000 Blackwell,12.0,tf32,FP32,FP32,FP32,12288,12288,12288,26.978016,26.989920,137.550951,TFLOPS,True,PASS,OK,cuBLASLt algo 21 layout=NN per-tensor scale,0,"actual=3072, expected=3072, tolerance=92.16"
concurrent,2,NVIDIA RTX PRO 5000 Blackwell,12.0,fp32,FP32,FP32,FP32,4096,4096,4096,2.753760,2.758368,49.909559,TFLOPS,False,PASS,OK,cuBLASLt algo 20 layout=NN per-tensor scale,2048,"actual=1024, expected=1024, tolerance=0.01024"
concurrent,2,NVIDIA RTX PRO 5000 Blackwell,12.0,fp32,FP32,FP32,FP32,8192,8192,8192,21.314240,21.333632,51.585778,TFLOPS,True,PASS,OK,cuBLASLt algo 20 layout=NN per-tensor scale,0,"actual=2048, expected=2048, tolerance=0.02048"
concurrent,2,NVIDIA RTX PRO 5000 Blackwell,12.0,fp32,FP32,FP32,FP32,12288,12288,12288,74.388191,74.425888,49.884957,TFLOPS,False,PASS,OK,cuBLASLt algo 20 layout=NN per-tensor scale,18432,"actual=3072, expected=3072, tolerance=0.03072"
concurrent,2,NVIDIA RTX PRO 5000 Blackwell,12.0,fp64,FP64,FP64,FP64,2048,2048,2048,17.403584,17.408417,0.987146,TFLOPS,False,PASS,OK,cuBLASLt algo 22 layout=NN per-tensor scale,0,"actual=512, expected=512, tolerance=1e-06"
concurrent,2,NVIDIA RTX PRO 5000 Blackwell,12.0,fp64,FP64,FP64,FP64,4096,4096,4096,137.347839,137.360931,1.000663,TFLOPS,False,PASS,OK,cuBLASLt algo 22 layout=NN per-tensor scale,0,"actual=1024, expected=1024, tolerance=1e-06"
concurrent,2,NVIDIA RTX PRO 5000 Blackwell,12.0,fp64,FP64,FP64,FP64,6144,6144,6144,461.524506,461.548157,1.005053,TFLOPS,True,PASS,OK,cuBLASLt algo 22 layout=NN per-tensor scale,0,"actual=1536, expected=1536, tolerance=1e-06"
concurrent,3,NVIDIA RTX PRO 5000 Blackwell,12.0,int4,,,,0,0,0,0.000000,0.000000,0.000000,,False,NOT_RUN,UNSUPPORTED,,0,"cuBLASLt does not provide a dense INT4 GEMM kernel; INT4 Tensor Core is used via inference frameworks (CUTLASS/quantized paths), not standard dense GEMM APIs"
concurrent,3,NVIDIA RTX PRO 5000 Blackwell,12.0,int8,INT8,INT32,INT32,4096,4096,4096,0.298016,0.299040,461.179762,TOPS,False,PASS,OK,cuBLASLt algo 21 layout=TN per-tensor scale,0,"actual=4096, expected=4096, tolerance=1e-06"
concurrent,3,NVIDIA RTX PRO 5000 Blackwell,12.0,int8,INT8,INT32,INT32,8192,8192,8192,2.100256,2.104320,523.513155,TOPS,False,PASS,OK,cuBLASLt algo 21 layout=TN per-tensor scale,0,"actual=8192, expected=8192, tolerance=1e-06"
concurrent,3,NVIDIA RTX PRO 5000 Blackwell,12.0,int8,INT8,INT32,INT32,16384,16384,16384,15.938400,15.949856,551.880545,TOPS,True,PASS,OK,cuBLASLt algo 21 layout=TN per-tensor scale,0,"actual=16384, expected=16384, tolerance=1e-06"
concurrent,3,NVIDIA RTX PRO 5000 Blackwell,12.0,fp8_e4m3,FP8_E4M3,FP32,FP16,4096,4096,4096,0.325760,0.327648,421.902476,TFLOPS,True,PASS,OK,cuBLASLt algo 35 layout=TN per-tensor scale,67125407,"actual=1024, expected=1024, tolerance=30.72"
concurrent,3,NVIDIA RTX PRO 5000 Blackwell,12.0,fp8_e4m3,FP8_E4M3,FP32,FP16,8192,8192,8192,0.000000,0.000000,0.000000,TFLOPS,False,NOT_RUN,UNSUPPORTED,,268435456,All cuBLASLt heuristic algorithms failed
concurrent,3,NVIDIA RTX PRO 5000 Blackwell,12.0,fp8_e4m3,FP8_E4M3,FP32,FP16,16384,16384,16384,22.606176,22.632959,389.101318,TFLOPS,False,PASS,OK,cuBLASLt algo 67 layout=TN per-tensor scale,0,"actual=4096, expected=4096, tolerance=122.88"
concurrent,3,NVIDIA RTX PRO 5000 Blackwell,12.0,fp8_e5m2,FP8_E5M2,FP32,FP16,4096,4096,4096,0.000000,0.000000,0.000000,TFLOPS,False,NOT_RUN,UNSUPPORTED,,268435456,No cuBLASLt algorithm for fp8_e5m2 (CUBLAS_STATUS_NOT_SUPPORTED); cuBLASLt did not provide a kernel for this precision/layout on this GPU architecture
concurrent,3,NVIDIA RTX PRO 5000 Blackwell,12.0,fp8_e5m2,FP8_E5M2,FP32,FP16,8192,8192,8192,0.000000,0.000000,0.000000,TFLOPS,False,NOT_RUN,UNSUPPORTED,,268435456,No cuBLASLt algorithm for fp8_e5m2 (CUBLAS_STATUS_NOT_SUPPORTED); cuBLASLt did not provide a kernel for this precision/layout on this GPU architecture
concurrent,3,NVIDIA RTX PRO 5000 Blackwell,12.0,fp8_e5m2,FP8_E5M2,FP32,FP16,16384,16384,16384,0.000000,0.000000,0.000000,TFLOPS,False,NOT_RUN,UNSUPPORTED,,268435456,No cuBLASLt algorithm for fp8_e5m2 (CUBLAS_STATUS_NOT_SUPPORTED); cuBLASLt did not provide a kernel for this precision/layout on this GPU architecture
concurrent,3,NVIDIA RTX PRO 5000 Blackwell,12.0,nvfp4,FP4_E2M1,FP32,BF16,4096,4096,4096,0.161504,0.162272,850.994112,TFLOPS,False,PASS,OK,cuBLASLt NVFP4 block-scaled (VEC16_UE4M3) layout=TN,0,"actual=1024, expected=1024, tolerance=30.72"
concurrent,3,NVIDIA RTX PRO 5000 Blackwell,12.0,nvfp4,FP4_E2M1,FP32,BF16,8192,8192,8192,1.075232,1.077280,1022.580799,TFLOPS,False,PASS,OK,cuBLASLt NVFP4 block-scaled (VEC16_UE4M3) layout=TN,0,"actual=2048, expected=2048, tolerance=61.44"
concurrent,3,NVIDIA RTX PRO 5000 Blackwell,12.0,nvfp4,FP4_E2M1,FP32,BF16,16384,16384,16384,8.289312,8.404032,1061.136634,TFLOPS,True,PASS,OK,cuBLASLt NVFP4 block-scaled (VEC16_UE4M3) layout=TN,0,"actual=4096, expected=4096, tolerance=122.88"
concurrent,3,NVIDIA RTX PRO 5000 Blackwell,12.0,fp16,FP16,FP32,FP16,4096,4096,4096,0.558976,0.560480,245.876307,TFLOPS,False,PASS,OK,cuBLASLt algo 21 layout=NN per-tensor scale,0,"actual=1024, expected=1024, tolerance=30.72"
concurrent,3,NVIDIA RTX PRO 5000 Blackwell,12.0,fp16,FP16,FP32,FP16,8192,8192,8192,4.378496,4.381696,251.116270,TFLOPS,False,PASS,OK,cuBLASLt algo 21 layout=NN per-tensor scale,0,"actual=2048, expected=2048, tolerance=61.44"
concurrent,3,NVIDIA RTX PRO 5000 Blackwell,12.0,fp16,FP16,FP32,FP16,16384,16384,16384,33.907646,33.940514,259.413260,TFLOPS,True,PASS,OK,cuBLASLt algo 21 layout=NN per-tensor scale,65536,"actual=4096, expected=4096, tolerance=122.88"
concurrent,3,NVIDIA RTX PRO 5000 Blackwell,12.0,bf16,BF16,FP32,BF16,4096,4096,4096,0.562208,0.563328,244.462822,TFLOPS,False,PASS,OK,cuBLASLt algo 21 layout=NN per-tensor scale,0,"actual=1024, expected=1024, tolerance=30.72"
concurrent,3,NVIDIA RTX PRO 5000 Blackwell,12.0,bf16,BF16,FP32,BF16,8192,8192,8192,4.422624,4.425760,248.610689,TFLOPS,False,PASS,OK,cuBLASLt algo 21 layout=NN per-tensor scale,0,"actual=2048, expected=2048, tolerance=61.44"
concurrent,3,NVIDIA RTX PRO 5000 Blackwell,12.0,bf16,BF16,FP32,BF16,16384,16384,16384,34.242592,34.292480,256.875795,TFLOPS,True,PASS,OK,cuBLASLt algo 21 layout=NN per-tensor scale,65536,"actual=4096, expected=4096, tolerance=122.88"
concurrent,3,NVIDIA RTX PRO 5000 Blackwell,12.0,tf32,FP32,FP32,FP32,4096,4096,4096,1.074144,1.075264,127.952074,TFLOPS,False,PASS,OK,cuBLASLt algo 21 layout=NN per-tensor scale,0,"actual=1024, expected=1024, tolerance=30.72"
concurrent,3,NVIDIA RTX PRO 5000 Blackwell,12.0,tf32,FP32,FP32,FP32,8192,8192,8192,7.998432,8.009728,137.465894,TFLOPS,False,PASS,OK,cuBLASLt algo 21 layout=NN per-tensor scale,0,"actual=2048, expected=2048, tolerance=61.44"
concurrent,3,NVIDIA RTX PRO 5000 Blackwell,12.0,tf32,FP32,FP32,FP32,12288,12288,12288,26.528641,26.564640,139.880960,TFLOPS,True,PASS,OK,cuBLASLt algo 21 layout=NN per-tensor scale,0,"actual=3072, expected=3072, tolerance=92.16"
concurrent,3,NVIDIA RTX PRO 5000 Blackwell,12.0,fp32,FP32,FP32,FP32,4096,4096,4096,2.753568,2.758528,49.913043,TFLOPS,False,PASS,OK,cuBLASLt algo 20 layout=NN per-tensor scale,2048,"actual=1024, expected=1024, tolerance=0.01024"
concurrent,3,NVIDIA RTX PRO 5000 Blackwell,12.0,fp32,FP32,FP32,FP32,8192,8192,8192,21.090303,21.096928,52.133514,TFLOPS,True,PASS,OK,cuBLASLt algo 20 layout=NN per-tensor scale,0,"actual=2048, expected=2048, tolerance=0.02048"
concurrent,3,NVIDIA RTX PRO 5000 Blackwell,12.0,fp32,FP32,FP32,FP32,12288,12288,12288,73.972801,74.029884,50.165083,TFLOPS,False,PASS,OK,cuBLASLt algo 20 layout=NN per-tensor scale,0,"actual=3072, expected=3072, tolerance=0.03072"
concurrent,3,NVIDIA RTX PRO 5000 Blackwell,12.0,fp64,FP64,FP64,FP64,2048,2048,2048,17.558464,17.560448,0.978438,TFLOPS,False,PASS,OK,cuBLASLt algo 22 layout=NN per-tensor scale,0,"actual=512, expected=512, tolerance=1e-06"
concurrent,3,NVIDIA RTX PRO 5000 Blackwell,12.0,fp64,FP64,FP64,FP64,4096,4096,4096,138.564133,138.576385,0.991880,TFLOPS,False,PASS,OK,cuBLASLt algo 22 layout=NN per-tensor scale,0,"actual=1024, expected=1024, tolerance=1e-06"
concurrent,3,NVIDIA RTX PRO 5000 Blackwell,12.0,fp64,FP64,FP64,FP64,6144,6144,6144,465.524292,465.585999,0.996417,TFLOPS,True,PASS,OK,cuBLASLt algo 22 layout=NN per-tensor scale,0,"actual=1536, expected=1536, tolerance=1e-06"
concurrent,4,NVIDIA RTX PRO 5000 Blackwell,12.0,int4,,,,0,0,0,0.000000,0.000000,0.000000,,False,NOT_RUN,UNSUPPORTED,,0,"cuBLASLt does not provide a dense INT4 GEMM kernel; INT4 Tensor Core is used via inference frameworks (CUTLASS/quantized paths), not standard dense GEMM APIs"
concurrent,4,NVIDIA RTX PRO 5000 Blackwell,12.0,int8,INT8,INT32,INT32,4096,4096,4096,0.303936,0.304640,452.197013,TOPS,False,PASS,OK,cuBLASLt algo 21 layout=TN per-tensor scale,0,"actual=4096, expected=4096, tolerance=1e-06"
concurrent,4,NVIDIA RTX PRO 5000 Blackwell,12.0,int8,INT8,INT32,INT32,8192,8192,8192,2.135840,2.141792,514.791211,TOPS,False,PASS,OK,cuBLASLt algo 21 layout=TN per-tensor scale,0,"actual=8192, expected=8192, tolerance=1e-06"
concurrent,4,NVIDIA RTX PRO 5000 Blackwell,12.0,int8,INT8,INT32,INT32,16384,16384,16384,16.792255,16.807327,523.818440,TOPS,True,PASS,OK,cuBLASLt algo 21 layout=TN per-tensor scale,0,"actual=16384, expected=16384, tolerance=1e-06"
concurrent,4,NVIDIA RTX PRO 5000 Blackwell,12.0,fp8_e4m3,FP8_E4M3,FP32,FP16,4096,4096,4096,0.347904,0.349248,395.048504,TFLOPS,True,PASS,OK,cuBLASLt algo 35 layout=TN per-tensor scale,67125407,"actual=1024, expected=1024, tolerance=30.72"
concurrent,4,NVIDIA RTX PRO 5000 Blackwell,12.0,fp8_e4m3,FP8_E4M3,FP32,FP16,8192,8192,8192,0.000000,0.000000,0.000000,TFLOPS,False,NOT_RUN,UNSUPPORTED,,268435456,All cuBLASLt heuristic algorithms failed
concurrent,4,NVIDIA RTX PRO 5000 Blackwell,12.0,fp8_e4m3,FP8_E4M3,FP32,FP16,16384,16384,16384,23.990879,24.043039,366.643215,TFLOPS,False,PASS,OK,cuBLASLt algo 67 layout=TN per-tensor scale,0,"actual=4096, expected=4096, tolerance=122.88"
concurrent,4,NVIDIA RTX PRO 5000 Blackwell,12.0,fp8_e5m2,FP8_E5M2,FP32,FP16,4096,4096,4096,0.000000,0.000000,0.000000,TFLOPS,False,NOT_RUN,UNSUPPORTED,,268435456,No cuBLASLt algorithm for fp8_e5m2 (CUBLAS_STATUS_NOT_SUPPORTED); cuBLASLt did not provide a kernel for this precision/layout on this GPU architecture
concurrent,4,NVIDIA RTX PRO 5000 Blackwell,12.0,fp8_e5m2,FP8_E5M2,FP32,FP16,8192,8192,8192,0.000000,0.000000,0.000000,TFLOPS,False,NOT_RUN,UNSUPPORTED,,268435456,No cuBLASLt algorithm for fp8_e5m2 (CUBLAS_STATUS_NOT_SUPPORTED); cuBLASLt did not provide a kernel for this precision/layout on this GPU architecture
concurrent,4,NVIDIA RTX PRO 5000 Blackwell,12.0,fp8_e5m2,FP8_E5M2,FP32,FP16,16384,16384,16384,0.000000,0.000000,0.000000,TFLOPS,False,NOT_RUN,UNSUPPORTED,,268435456,No cuBLASLt algorithm for fp8_e5m2 (CUBLAS_STATUS_NOT_SUPPORTED); cuBLASLt did not provide a kernel for this precision/layout on this GPU architecture
concurrent,4,NVIDIA RTX PRO 5000 Blackwell,12.0,nvfp4,FP4_E2M1,FP32,BF16,4096,4096,4096,0.163232,0.164320,841.985362,TFLOPS,False,PASS,OK,cuBLASLt NVFP4 block-scaled (VEC16_UE4M3) layout=TN,0,"actual=1024, expected=1024, tolerance=30.72"
concurrent,4,NVIDIA RTX PRO 5000 Blackwell,12.0,nvfp4,FP4_E2M1,FP32,BF16,8192,8192,8192,1.095136,1.097728,1003.995468,TFLOPS,True,PASS,OK,cuBLASLt NVFP4 block-scaled (VEC16_UE4M3) layout=TN,0,"actual=2048, expected=2048, tolerance=61.44"
concurrent,4,NVIDIA RTX PRO 5000 Blackwell,12.0,nvfp4,FP4_E2M1,FP32,BF16,16384,16384,16384,8.791136,8.814592,1000.563890,TFLOPS,False,PASS,OK,cuBLASLt NVFP4 block-scaled (VEC16_UE4M3) layout=TN,0,"actual=4096, expected=4096, tolerance=122.88"
concurrent,4,NVIDIA RTX PRO 5000 Blackwell,12.0,fp16,FP16,FP32,FP16,4096,4096,4096,0.573312,0.574656,239.728031,TFLOPS,False,PASS,OK,cuBLASLt algo 21 layout=NN per-tensor scale,0,"actual=1024, expected=1024, tolerance=30.72"
concurrent,4,NVIDIA RTX PRO 5000 Blackwell,12.0,fp16,FP16,FP32,FP16,8192,8192,8192,4.614144,4.624352,238.291580,TFLOPS,False,PASS,OK,cuBLASLt algo 21 layout=NN per-tensor scale,0,"actual=2048, expected=2048, tolerance=61.44"
concurrent,4,NVIDIA RTX PRO 5000 Blackwell,12.0,fp16,FP16,FP32,FP16,16384,16384,16384,35.503105,35.513313,247.755597,TFLOPS,True,PASS,OK,cuBLASLt algo 21 layout=NN per-tensor scale,65536,"actual=4096, expected=4096, tolerance=122.88"
concurrent,4,NVIDIA RTX PRO 5000 Blackwell,12.0,bf16,BF16,FP32,BF16,4096,4096,4096,0.578528,0.579584,237.566646,TFLOPS,False,PASS,OK,cuBLASLt algo 21 layout=NN per-tensor scale,0,"actual=1024, expected=1024, tolerance=30.72"
concurrent,4,NVIDIA RTX PRO 5000 Blackwell,12.0,bf16,BF16,FP32,BF16,8192,8192,8192,4.679456,4.687584,234.965683,TFLOPS,False,PASS,OK,cuBLASLt algo 21 layout=NN per-tensor scale,0,"actual=2048, expected=2048, tolerance=61.44"
concurrent,4,NVIDIA RTX PRO 5000 Blackwell,12.0,bf16,BF16,FP32,BF16,16384,16384,16384,35.808929,35.821537,245.639654,TFLOPS,True,PASS,OK,cuBLASLt algo 21 layout=NN per-tensor scale,65536,"actual=4096, expected=4096, tolerance=122.88"
concurrent,4,NVIDIA RTX PRO 5000 Blackwell,12.0,tf32,FP32,FP32,FP32,4096,4096,4096,1.098720,1.101856,125.090068,TFLOPS,False,PASS,OK,cuBLASLt algo 21 layout=NN per-tensor scale,0,"actual=1024, expected=1024, tolerance=30.72"
concurrent,4,NVIDIA RTX PRO 5000 Blackwell,12.0,tf32,FP32,FP32,FP32,8192,8192,8192,8.337152,8.341312,131.880970,TFLOPS,False,PASS,OK,cuBLASLt algo 21 layout=NN per-tensor scale,0,"actual=2048, expected=2048, tolerance=61.44"
concurrent,4,NVIDIA RTX PRO 5000 Blackwell,12.0,tf32,FP32,FP32,FP32,12288,12288,12288,27.659264,27.697760,134.163071,TFLOPS,True,PASS,OK,cuBLASLt algo 21 layout=NN per-tensor scale,0,"actual=3072, expected=3072, tolerance=92.16"
concurrent,4,NVIDIA RTX PRO 5000 Blackwell,12.0,fp32,FP32,FP32,FP32,4096,4096,4096,2.824160,2.829216,48.665426,TFLOPS,False,PASS,OK,cuBLASLt algo 20 layout=NN per-tensor scale,2048,"actual=1024, expected=1024, tolerance=0.01024"
concurrent,4,NVIDIA RTX PRO 5000 Blackwell,12.0,fp32,FP32,FP32,FP32,8192,8192,8192,21.789600,21.802849,50.460385,TFLOPS,True,PASS,OK,cuBLASLt algo 20 layout=NN per-tensor scale,0,"actual=2048, expected=2048, tolerance=0.02048"
concurrent,4,NVIDIA RTX PRO 5000 Blackwell,12.0,fp32,FP32,FP32,FP32,12288,12288,12288,76.029572,76.096931,48.808005,TFLOPS,False,PASS,OK,cuBLASLt algo 20 layout=NN per-tensor scale,18432,"actual=3072, expected=3072, tolerance=0.03072"
concurrent,4,NVIDIA RTX PRO 5000 Blackwell,12.0,fp64,FP64,FP64,FP64,2048,2048,2048,17.830015,17.833632,0.963536,TFLOPS,False,PASS,OK,cuBLASLt algo 22 layout=NN per-tensor scale,0,"actual=512, expected=512, tolerance=1e-06"
concurrent,4,NVIDIA RTX PRO 5000 Blackwell,12.0,fp64,FP64,FP64,FP64,4096,4096,4096,140.751328,140.768066,0.976466,TFLOPS,False,PASS,OK,cuBLASLt algo 22 layout=NN per-tensor scale,0,"actual=1024, expected=1024, tolerance=1e-06"
concurrent,4,NVIDIA RTX PRO 5000 Blackwell,12.0,fp64,FP64,FP64,FP64,6144,6144,6144,473.009430,473.063385,0.980650,TFLOPS,True,PASS,OK,cuBLASLt algo 22 layout=NN per-tensor scale,0,"actual=1536, expected=1536, tolerance=1e-06"
concurrent,5,NVIDIA RTX PRO 5000 Blackwell,12.0,int4,,,,0,0,0,0.000000,0.000000,0.000000,,False,NOT_RUN,UNSUPPORTED,,0,"cuBLASLt does not provide a dense INT4 GEMM kernel; INT4 Tensor Core is used via inference frameworks (CUTLASS/quantized paths), not standard dense GEMM APIs"
concurrent,5,NVIDIA RTX PRO 5000 Blackwell,12.0,int8,INT8,INT32,INT32,4096,4096,4096,0.296000,0.296352,464.320783,TOPS,False,PASS,OK,cuBLASLt algo 21 layout=TN per-tensor scale,0,"actual=4096, expected=4096, tolerance=1e-06"
concurrent,5,NVIDIA RTX PRO 5000 Blackwell,12.0,int8,INT8,INT32,INT32,8192,8192,8192,2.079936,2.085920,528.627618,TOPS,False,PASS,OK,cuBLASLt algo 21 layout=TN per-tensor scale,0,"actual=8192, expected=8192, tolerance=1e-06"
concurrent,5,NVIDIA RTX PRO 5000 Blackwell,12.0,int8,INT8,INT32,INT32,16384,16384,16384,16.025568,16.056353,548.878705,TOPS,True,PASS,OK,cuBLASLt algo 21 layout=TN per-tensor scale,0,"actual=16384, expected=16384, tolerance=1e-06"
concurrent,5,NVIDIA RTX PRO 5000 Blackwell,12.0,fp8_e4m3,FP8_E4M3,FP32,FP16,4096,4096,4096,0.328640,0.329792,418.205172,TFLOPS,True,PASS,OK,cuBLASLt algo 35 layout=TN per-tensor scale,67125407,"actual=1024, expected=1024, tolerance=30.72"
concurrent,5,NVIDIA RTX PRO 5000 Blackwell,12.0,fp8_e4m3,FP8_E4M3,FP32,FP16,8192,8192,8192,0.000000,0.000000,0.000000,TFLOPS,False,NOT_RUN,UNSUPPORTED,,268435456,All cuBLASLt heuristic algorithms failed
concurrent,5,NVIDIA RTX PRO 5000 Blackwell,12.0,fp8_e4m3,FP8_E4M3,FP32,FP16,16384,16384,16384,22.620129,22.638464,388.861318,TFLOPS,False,PASS,OK,cuBLASLt algo 67 layout=TN per-tensor scale,0,"actual=4096, expected=4096, tolerance=122.88"
concurrent,5,NVIDIA RTX PRO 5000 Blackwell,12.0,fp8_e5m2,FP8_E5M2,FP32,FP16,4096,4096,4096,0.000000,0.000000,0.000000,TFLOPS,False,NOT_RUN,UNSUPPORTED,,268435456,No cuBLASLt algorithm for fp8_e5m2 (CUBLAS_STATUS_NOT_SUPPORTED); cuBLASLt did not provide a kernel for this precision/layout on this GPU architecture
concurrent,5,NVIDIA RTX PRO 5000 Blackwell,12.0,fp8_e5m2,FP8_E5M2,FP32,FP16,8192,8192,8192,0.000000,0.000000,0.000000,TFLOPS,False,NOT_RUN,UNSUPPORTED,,268435456,No cuBLASLt algorithm for fp8_e5m2 (CUBLAS_STATUS_NOT_SUPPORTED); cuBLASLt did not provide a kernel for this precision/layout on this GPU architecture
concurrent,5,NVIDIA RTX PRO 5000 Blackwell,12.0,fp8_e5m2,FP8_E5M2,FP32,FP16,16384,16384,16384,0.000000,0.000000,0.000000,TFLOPS,False,NOT_RUN,UNSUPPORTED,,268435456,No cuBLASLt algorithm for fp8_e5m2 (CUBLAS_STATUS_NOT_SUPPORTED); cuBLASLt did not provide a kernel for this precision/layout on this GPU architecture
concurrent,5,NVIDIA RTX PRO 5000 Blackwell,12.0,nvfp4,FP4_E2M1,FP32,BF16,4096,4096,4096,0.160096,0.161408,858.478347,TFLOPS,False,PASS,OK,cuBLASLt NVFP4 block-scaled (VEC16_UE4M3) layout=TN,0,"actual=1024, expected=1024, tolerance=30.72"
concurrent,5,NVIDIA RTX PRO 5000 Blackwell,12.0,nvfp4,FP4_E2M1,FP32,BF16,8192,8192,8192,1.065952,1.069120,1031.483300,TFLOPS,False,PASS,OK,cuBLASLt NVFP4 block-scaled (VEC16_UE4M3) layout=TN,0,"actual=2048, expected=2048, tolerance=61.44"
concurrent,5,NVIDIA RTX PRO 5000 Blackwell,12.0,nvfp4,FP4_E2M1,FP32,BF16,16384,16384,16384,8.381312,8.438112,1049.488748,TFLOPS,True,PASS,OK,cuBLASLt NVFP4 block-scaled (VEC16_UE4M3) layout=TN,0,"actual=4096, expected=4096, tolerance=122.88"
concurrent,5,NVIDIA RTX PRO 5000 Blackwell,12.0,fp16,FP16,FP32,FP16,4096,4096,4096,0.555040,0.556992,247.619907,TFLOPS,False,PASS,OK,cuBLASLt algo 21 layout=NN per-tensor scale,0,"actual=1024, expected=1024, tolerance=30.72"
concurrent,5,NVIDIA RTX PRO 5000 Blackwell,12.0,fp16,FP16,FP32,FP16,8192,8192,8192,4.370528,4.374720,251.574083,TFLOPS,False,PASS,OK,cuBLASLt algo 21 layout=NN per-tensor scale,0,"actual=2048, expected=2048, tolerance=61.44"
concurrent,5,NVIDIA RTX PRO 5000 Blackwell,12.0,fp16,FP16,FP32,FP16,16384,16384,16384,33.898369,33.936993,259.484256,TFLOPS,True,PASS,OK,cuBLASLt algo 21 layout=NN per-tensor scale,65536,"actual=4096, expected=4096, tolerance=122.88"
concurrent,5,NVIDIA RTX PRO 5000 Blackwell,12.0,bf16,BF16,FP32,BF16,4096,4096,4096,0.559264,0.560160,245.749686,TFLOPS,False,PASS,OK,cuBLASLt algo 21 layout=NN per-tensor scale,0,"actual=1024, expected=1024, tolerance=30.72"
concurrent,5,NVIDIA RTX PRO 5000 Blackwell,12.0,bf16,BF16,FP32,BF16,8192,8192,8192,4.434560,4.442848,247.941548,TFLOPS,False,PASS,OK,cuBLASLt algo 21 layout=NN per-tensor scale,0,"actual=2048, expected=2048, tolerance=61.44"
concurrent,5,NVIDIA RTX PRO 5000 Blackwell,12.0,bf16,BF16,FP32,BF16,16384,16384,16384,34.339840,34.376640,256.148341,TFLOPS,True,PASS,OK,cuBLASLt algo 21 layout=NN per-tensor scale,65536,"actual=4096, expected=4096, tolerance=122.88"
concurrent,5,NVIDIA RTX PRO 5000 Blackwell,12.0,tf32,FP32,FP32,FP32,4096,4096,4096,1.064960,1.068000,129.055507,TFLOPS,False,PASS,OK,cuBLASLt algo 21 layout=NN per-tensor scale,0,"actual=1024, expected=1024, tolerance=30.72"
concurrent,5,NVIDIA RTX PRO 5000 Blackwell,12.0,tf32,FP32,FP32,FP32,8192,8192,8192,8.010656,8.019552,137.256122,TFLOPS,False,PASS,OK,cuBLASLt algo 21 layout=NN per-tensor scale,0,"actual=2048, expected=2048, tolerance=61.44"
concurrent,5,NVIDIA RTX PRO 5000 Blackwell,12.0,tf32,FP32,FP32,FP32,12288,12288,12288,26.567553,26.572609,139.676085,TFLOPS,True,PASS,OK,cuBLASLt algo 21 layout=NN per-tensor scale,0,"actual=3072, expected=3072, tolerance=92.16"
concurrent,5,NVIDIA RTX PRO 5000 Blackwell,12.0,fp32,FP32,FP32,FP32,4096,4096,4096,2.738368,2.743296,50.190096,TFLOPS,False,PASS,OK,cuBLASLt algo 20 layout=NN per-tensor scale,2048,"actual=1024, expected=1024, tolerance=0.01024"
concurrent,5,NVIDIA RTX PRO 5000 Blackwell,12.0,fp32,FP32,FP32,FP32,8192,8192,8192,21.034975,21.052799,52.270641,TFLOPS,True,PASS,OK,cuBLASLt algo 20 layout=NN per-tensor scale,0,"actual=2048, expected=2048, tolerance=0.02048"
concurrent,5,NVIDIA RTX PRO 5000 Blackwell,12.0,fp32,FP32,FP32,FP32,12288,12288,12288,73.187103,73.304062,50.703629,TFLOPS,False,PASS,OK,cuBLASLt algo 20 layout=NN per-tensor scale,18432,"actual=3072, expected=3072, tolerance=0.03072"
concurrent,5,NVIDIA RTX PRO 5000 Blackwell,12.0,fp64,FP64,FP64,FP64,2048,2048,2048,17.376032,17.378719,0.988711,TFLOPS,False,PASS,OK,cuBLASLt algo 22 layout=NN per-tensor scale,0,"actual=512, expected=512, tolerance=1e-06"
concurrent,5,NVIDIA RTX PRO 5000 Blackwell,12.0,fp64,FP64,FP64,FP64,4096,4096,4096,137.182266,137.203705,1.001871,TFLOPS,False,PASS,OK,cuBLASLt algo 22 layout=NN per-tensor scale,0,"actual=1024, expected=1024, tolerance=1e-06"
concurrent,5,NVIDIA RTX PRO 5000 Blackwell,12.0,fp64,FP64,FP64,FP64,6144,6144,6144,460.945251,460.973907,1.006316,TFLOPS,True,PASS,OK,cuBLASLt algo 22 layout=NN per-tensor scale,0,"actual=1536, expected=1536, tolerance=1e-06"
concurrent,6,NVIDIA RTX PRO 5000 Blackwell,12.0,int4,,,,0,0,0,0.000000,0.000000,0.000000,,False,NOT_RUN,UNSUPPORTED,,0,"cuBLASLt does not provide a dense INT4 GEMM kernel; INT4 Tensor Core is used via inference frameworks (CUTLASS/quantized paths), not standard dense GEMM APIs"
concurrent,6,NVIDIA RTX PRO 5000 Blackwell,12.0,int8,INT8,INT32,INT32,4096,4096,4096,0.296800,0.298496,463.069270,TOPS,False,PASS,OK,cuBLASLt algo 21 layout=TN per-tensor scale,0,"actual=4096, expected=4096, tolerance=1e-06"
concurrent,6,NVIDIA RTX PRO 5000 Blackwell,12.0,int8,INT8,INT32,INT32,8192,8192,8192,2.089472,2.092576,526.215043,TOPS,False,PASS,OK,cuBLASLt algo 21 layout=TN per-tensor scale,0,"actual=8192, expected=8192, tolerance=1e-06"
concurrent,6,NVIDIA RTX PRO 5000 Blackwell,12.0,int8,INT8,INT32,INT32,16384,16384,16384,16.338623,16.401024,538.361954,TOPS,True,PASS,OK,cuBLASLt algo 21 layout=TN per-tensor scale,0,"actual=16384, expected=16384, tolerance=1e-06"
concurrent,6,NVIDIA RTX PRO 5000 Blackwell,12.0,fp8_e4m3,FP8_E4M3,FP32,FP16,4096,4096,4096,0.328288,0.329472,418.653615,TFLOPS,True,PASS,OK,cuBLASLt algo 35 layout=TN per-tensor scale,67125407,"actual=1024, expected=1024, tolerance=30.72"
concurrent,6,NVIDIA RTX PRO 5000 Blackwell,12.0,fp8_e4m3,FP8_E4M3,FP32,FP16,8192,8192,8192,0.000000,0.000000,0.000000,TFLOPS,False,NOT_RUN,UNSUPPORTED,,268435456,All cuBLASLt heuristic algorithms failed
concurrent,6,NVIDIA RTX PRO 5000 Blackwell,12.0,fp8_e4m3,FP8_E4M3,FP32,FP16,16384,16384,16384,23.183136,23.278145,379.417738,TFLOPS,False,PASS,OK,cuBLASLt algo 67 layout=TN per-tensor scale,0,"actual=4096, expected=4096, tolerance=122.88"
concurrent,6,NVIDIA RTX PRO 5000 Blackwell,12.0,fp8_e5m2,FP8_E5M2,FP32,FP16,4096,4096,4096,0.000000,0.000000,0.000000,TFLOPS,False,NOT_RUN,UNSUPPORTED,,268435456,No cuBLASLt algorithm for fp8_e5m2 (CUBLAS_STATUS_NOT_SUPPORTED); cuBLASLt did not provide a kernel for this precision/layout on this GPU architecture
concurrent,6,NVIDIA RTX PRO 5000 Blackwell,12.0,fp8_e5m2,FP8_E5M2,FP32,FP16,8192,8192,8192,0.000000,0.000000,0.000000,TFLOPS,False,NOT_RUN,UNSUPPORTED,,268435456,No cuBLASLt algorithm for fp8_e5m2 (CUBLAS_STATUS_NOT_SUPPORTED); cuBLASLt did not provide a kernel for this precision/layout on this GPU architecture
concurrent,6,NVIDIA RTX PRO 5000 Blackwell,12.0,fp8_e5m2,FP8_E5M2,FP32,FP16,16384,16384,16384,0.000000,0.000000,0.000000,TFLOPS,False,NOT_RUN,UNSUPPORTED,,268435456,No cuBLASLt algorithm for fp8_e5m2 (CUBLAS_STATUS_NOT_SUPPORTED); cuBLASLt did not provide a kernel for this precision/layout on this GPU architecture
concurrent,6,NVIDIA RTX PRO 5000 Blackwell,12.0,nvfp4,FP4_E2M1,FP32,BF16,4096,4096,4096,0.158880,0.159872,865.048826,TFLOPS,False,PASS,OK,cuBLASLt NVFP4 block-scaled (VEC16_UE4M3) layout=TN,0,"actual=1024, expected=1024, tolerance=30.72"
concurrent,6,NVIDIA RTX PRO 5000 Blackwell,12.0,nvfp4,FP4_E2M1,FP32,BF16,8192,8192,8192,1.066144,1.068704,1031.297497,TFLOPS,True,PASS,OK,cuBLASLt NVFP4 block-scaled (VEC16_UE4M3) layout=TN,0,"actual=2048, expected=2048, tolerance=61.44"
concurrent,6,NVIDIA RTX PRO 5000 Blackwell,12.0,nvfp4,FP4_E2M1,FP32,BF16,16384,16384,16384,8.552320,8.575456,1028.503787,TFLOPS,False,PASS,OK,cuBLASLt NVFP4 block-scaled (VEC16_UE4M3) layout=TN,0,"actual=4096, expected=4096, tolerance=122.88"
concurrent,6,NVIDIA RTX PRO 5000 Blackwell,12.0,fp16,FP16,FP32,FP16,4096,4096,4096,0.557344,0.559072,246.596265,TFLOPS,False,PASS,OK,cuBLASLt algo 21 layout=NN per-tensor scale,0,"actual=1024, expected=1024, tolerance=30.72"
concurrent,6,NVIDIA RTX PRO 5000 Blackwell,12.0,fp16,FP16,FP32,FP16,8192,8192,8192,4.463168,4.475648,246.352275,TFLOPS,False,PASS,OK,cuBLASLt algo 21 layout=NN per-tensor scale,0,"actual=2048, expected=2048, tolerance=61.44"
concurrent,6,NVIDIA RTX PRO 5000 Blackwell,12.0,fp16,FP16,FP32,FP16,16384,16384,16384,34.562111,34.602402,254.501036,TFLOPS,True,PASS,OK,cuBLASLt algo 21 layout=NN per-tensor scale,65536,"actual=4096, expected=4096, tolerance=122.88"
concurrent,6,NVIDIA RTX PRO 5000 Blackwell,12.0,bf16,BF16,FP32,BF16,4096,4096,4096,0.561664,0.562048,244.699602,TFLOPS,False,PASS,OK,cuBLASLt algo 21 layout=NN per-tensor scale,0,"actual=1024, expected=1024, tolerance=30.72"
concurrent,6,NVIDIA RTX PRO 5000 Blackwell,12.0,bf16,BF16,FP32,BF16,8192,8192,8192,4.531616,4.543136,242.631233,TFLOPS,False,PASS,OK,cuBLASLt algo 21 layout=NN per-tensor scale,0,"actual=2048, expected=2048, tolerance=61.44"
concurrent,6,NVIDIA RTX PRO 5000 Blackwell,12.0,bf16,BF16,FP32,BF16,16384,16384,16384,34.843937,34.873791,252.442571,TFLOPS,True,PASS,OK,cuBLASLt algo 21 layout=NN per-tensor scale,65536,"actual=4096, expected=4096, tolerance=122.88"
concurrent,6,NVIDIA RTX PRO 5000 Blackwell,12.0,tf32,FP32,FP32,FP32,4096,4096,4096,1.069824,1.071744,128.468754,TFLOPS,False,PASS,OK,cuBLASLt algo 21 layout=NN per-tensor scale,0,"actual=1024, expected=1024, tolerance=30.72"
concurrent,6,NVIDIA RTX PRO 5000 Blackwell,12.0,tf32,FP32,FP32,FP32,8192,8192,8192,8.112640,8.122912,135.530675,TFLOPS,False,PASS,OK,cuBLASLt algo 21 layout=NN per-tensor scale,0,"actual=2048, expected=2048, tolerance=61.44"
concurrent,6,NVIDIA RTX PRO 5000 Blackwell,12.0,tf32,FP32,FP32,FP32,12288,12288,12288,27.004192,27.020609,137.417616,TFLOPS,True,PASS,OK,cuBLASLt algo 21 layout=NN per-tensor scale,0,"actual=3072, expected=3072, tolerance=92.16"
concurrent,6,NVIDIA RTX PRO 5000 Blackwell,12.0,fp32,FP32,FP32,FP32,4096,4096,4096,2.765344,2.768544,49.700492,TFLOPS,False,PASS,OK,cuBLASLt algo 20 layout=NN per-tensor scale,2048,"actual=1024, expected=1024, tolerance=0.01024"
concurrent,6,NVIDIA RTX PRO 5000 Blackwell,12.0,fp32,FP32,FP32,FP32,8192,8192,8192,21.304928,21.326977,51.608324,TFLOPS,True,PASS,OK,cuBLASLt algo 20 layout=NN per-tensor scale,0,"actual=2048, expected=2048, tolerance=0.02048"
concurrent,6,NVIDIA RTX PRO 5000 Blackwell,12.0,fp32,FP32,FP32,FP32,12288,12288,12288,74.485664,74.512512,49.819677,TFLOPS,False,PASS,OK,cuBLASLt algo 20 layout=NN per-tensor scale,18432,"actual=3072, expected=3072, tolerance=0.03072"
concurrent,6,NVIDIA RTX PRO 5000 Blackwell,12.0,fp64,FP64,FP64,FP64,2048,2048,2048,17.396769,17.440319,0.987532,TFLOPS,False,PASS,OK,cuBLASLt algo 22 layout=NN per-tensor scale,0,"actual=512, expected=512, tolerance=1e-06"
concurrent,6,NVIDIA RTX PRO 5000 Blackwell,12.0,fp64,FP64,FP64,FP64,4096,4096,4096,137.427933,137.441254,1.000080,TFLOPS,False,PASS,OK,cuBLASLt algo 22 layout=NN per-tensor scale,0,"actual=1024, expected=1024, tolerance=1e-06"
concurrent,6,NVIDIA RTX PRO 5000 Blackwell,12.0,fp64,FP64,FP64,FP64,6144,6144,6144,461.854889,461.944122,1.004334,TFLOPS,True,PASS,OK,cuBLASLt algo 22 layout=NN per-tensor scale,0,"actual=1536, expected=1536, tolerance=1e-06"
concurrent,7,NVIDIA RTX PRO 5000 Blackwell,12.0,int4,,,,0,0,0,0.000000,0.000000,0.000000,,False,NOT_RUN,UNSUPPORTED,,0,"cuBLASLt does not provide a dense INT4 GEMM kernel; INT4 Tensor Core is used via inference frameworks (CUTLASS/quantized paths), not standard dense GEMM APIs"
concurrent,7,NVIDIA RTX PRO 5000 Blackwell,12.0,int8,INT8,INT32,INT32,4096,4096,4096,0.297664,0.299744,461.725165,TOPS,False,PASS,OK,cuBLASLt algo 21 layout=TN per-tensor scale,0,"actual=4096, expected=4096, tolerance=1e-06"
concurrent,7,NVIDIA RTX PRO 5000 Blackwell,12.0,int8,INT8,INT32,INT32,8192,8192,8192,2.092640,2.095872,525.418451,TOPS,False,PASS,OK,cuBLASLt algo 21 layout=TN per-tensor scale,0,"actual=8192, expected=8192, tolerance=1e-06"
concurrent,7,NVIDIA RTX PRO 5000 Blackwell,12.0,int8,INT8,INT32,INT32,16384,16384,16384,16.534945,16.561855,531.969914,TOPS,True,PASS,OK,cuBLASLt algo 21 layout=TN per-tensor scale,0,"actual=16384, expected=16384, tolerance=1e-06"
concurrent,7,NVIDIA RTX PRO 5000 Blackwell,12.0,fp8_e4m3,FP8_E4M3,FP32,FP16,4096,4096,4096,0.342592,0.345760,401.173854,TFLOPS,True,PASS,OK,cuBLASLt algo 35 layout=TN per-tensor scale,67125407,"actual=1024, expected=1024, tolerance=30.72"
concurrent,7,NVIDIA RTX PRO 5000 Blackwell,12.0,fp8_e4m3,FP8_E4M3,FP32,FP16,8192,8192,8192,0.000000,0.000000,0.000000,TFLOPS,False,NOT_RUN,UNSUPPORTED,,268435456,All cuBLASLt heuristic algorithms failed
concurrent,7,NVIDIA RTX PRO 5000 Blackwell,12.0,fp8_e4m3,FP8_E4M3,FP32,FP16,16384,16384,16384,23.411039,23.437471,375.724157,TFLOPS,False,PASS,OK,cuBLASLt algo 67 layout=TN per-tensor scale,0,"actual=4096, expected=4096, tolerance=122.88"
concurrent,7,NVIDIA RTX PRO 5000 Blackwell,12.0,fp8_e5m2,FP8_E5M2,FP32,FP16,4096,4096,4096,0.000000,0.000000,0.000000,TFLOPS,False,NOT_RUN,UNSUPPORTED,,268435456,No cuBLASLt algorithm for fp8_e5m2 (CUBLAS_STATUS_NOT_SUPPORTED); cuBLASLt did not provide a kernel for this precision/layout on this GPU architecture
concurrent,7,NVIDIA RTX PRO 5000 Blackwell,12.0,fp8_e5m2,FP8_E5M2,FP32,FP16,8192,8192,8192,0.000000,0.000000,0.000000,TFLOPS,False,NOT_RUN,UNSUPPORTED,,268435456,No cuBLASLt algorithm for fp8_e5m2 (CUBLAS_STATUS_NOT_SUPPORTED); cuBLASLt did not provide a kernel for this precision/layout on this GPU architecture
concurrent,7,NVIDIA RTX PRO 5000 Blackwell,12.0,fp8_e5m2,FP8_E5M2,FP32,FP16,16384,16384,16384,0.000000,0.000000,0.000000,TFLOPS,False,NOT_RUN,UNSUPPORTED,,268435456,No cuBLASLt algorithm for fp8_e5m2 (CUBLAS_STATUS_NOT_SUPPORTED); cuBLASLt did not provide a kernel for this precision/layout on this GPU architecture
concurrent,7,NVIDIA RTX PRO 5000 Blackwell,12.0,nvfp4,FP4_E2M1,FP32,BF16,4096,4096,4096,0.160768,0.161856,854.889975,TFLOPS,False,PASS,OK,cuBLASLt NVFP4 block-scaled (VEC16_UE4M3) layout=TN,0,"actual=1024, expected=1024, tolerance=30.72"
concurrent,7,NVIDIA RTX PRO 5000 Blackwell,12.0,nvfp4,FP4_E2M1,FP32,BF16,8192,8192,8192,1.072608,1.075872,1025.082447,TFLOPS,True,PASS,OK,cuBLASLt NVFP4 block-scaled (VEC16_UE4M3) layout=TN,0,"actual=2048, expected=2048, tolerance=61.44"
concurrent,7,NVIDIA RTX PRO 5000 Blackwell,12.0,nvfp4,FP4_E2M1,FP32,BF16,16384,16384,16384,8.660096,8.673824,1015.703850,TFLOPS,False,PASS,OK,cuBLASLt NVFP4 block-scaled (VEC16_UE4M3) layout=TN,0,"actual=4096, expected=4096, tolerance=122.88"
concurrent,7,NVIDIA RTX PRO 5000 Blackwell,12.0,fp16,FP16,FP32,FP16,4096,4096,4096,0.563744,0.564352,243.796744,TFLOPS,False,PASS,OK,cuBLASLt algo 21 layout=NN per-tensor scale,0,"actual=1024, expected=1024, tolerance=30.72"
concurrent,7,NVIDIA RTX PRO 5000 Blackwell,12.0,fp16,FP16,FP32,FP16,8192,8192,8192,4.527712,4.531904,242.840459,TFLOPS,False,PASS,OK,cuBLASLt algo 21 layout=NN per-tensor scale,0,"actual=2048, expected=2048, tolerance=61.44"
concurrent,7,NVIDIA RTX PRO 5000 Blackwell,12.0,fp16,FP16,FP32,FP16,16384,16384,16384,34.900448,34.939903,252.033815,TFLOPS,True,PASS,OK,cuBLASLt algo 21 layout=NN per-tensor scale,65536,"actual=4096, expected=4096, tolerance=122.88"
concurrent,7,NVIDIA RTX PRO 5000 Blackwell,12.0,bf16,BF16,FP32,BF16,4096,4096,4096,0.567904,0.570048,242.010894,TFLOPS,False,PASS,OK,cuBLASLt algo 21 layout=NN per-tensor scale,0,"actual=1024, expected=1024, tolerance=30.72"
concurrent,7,NVIDIA RTX PRO 5000 Blackwell,12.0,bf16,BF16,FP32,BF16,8192,8192,8192,4.596320,4.607488,239.215631,TFLOPS,False,PASS,OK,cuBLASLt algo 21 layout=NN per-tensor scale,0,"actual=2048, expected=2048, tolerance=61.44"
concurrent,7,NVIDIA RTX PRO 5000 Blackwell,12.0,bf16,BF16,FP32,BF16,16384,16384,16384,35.247169,35.299934,249.554593,TFLOPS,True,PASS,OK,cuBLASLt algo 21 layout=NN per-tensor scale,65536,"actual=4096, expected=4096, tolerance=122.88"
concurrent,7,NVIDIA RTX PRO 5000 Blackwell,12.0,tf32,FP32,FP32,FP32,4096,4096,4096,1.080960,1.084032,127.145268,TFLOPS,False,PASS,OK,cuBLASLt algo 21 layout=NN per-tensor scale,0,"actual=1024, expected=1024, tolerance=30.72"
concurrent,7,NVIDIA RTX PRO 5000 Blackwell,12.0,tf32,FP32,FP32,FP32,8192,8192,8192,8.227424,8.236096,133.639845,TFLOPS,False,PASS,OK,cuBLASLt algo 21 layout=NN per-tensor scale,0,"actual=2048, expected=2048, tolerance=61.44"
concurrent,7,NVIDIA RTX PRO 5000 Blackwell,12.0,tf32,FP32,FP32,FP32,12288,12288,12288,27.307360,27.325920,135.892001,TFLOPS,True,PASS,OK,cuBLASLt algo 21 layout=NN per-tensor scale,0,"actual=3072, expected=3072, tolerance=92.16"
concurrent,7,NVIDIA RTX PRO 5000 Blackwell,12.0,fp32,FP32,FP32,FP32,4096,4096,4096,2.793184,2.797216,49.205119,TFLOPS,False,PASS,OK,cuBLASLt algo 20 layout=NN per-tensor scale,2048,"actual=1024, expected=1024, tolerance=0.01024"
concurrent,7,NVIDIA RTX PRO 5000 Blackwell,12.0,fp32,FP32,FP32,FP32,8192,8192,8192,21.532288,21.554592,51.063391,TFLOPS,True,PASS,OK,cuBLASLt algo 20 layout=NN per-tensor scale,0,"actual=2048, expected=2048, tolerance=0.02048"
concurrent,7,NVIDIA RTX PRO 5000 Blackwell,12.0,fp32,FP32,FP32,FP32,12288,12288,12288,75.245247,75.278946,49.316759,TFLOPS,False,PASS,OK,cuBLASLt algo 20 layout=NN per-tensor scale,18432,"actual=3072, expected=3072, tolerance=0.03072"
concurrent,7,NVIDIA RTX PRO 5000 Blackwell,12.0,fp64,FP64,FP64,FP64,2048,2048,2048,17.504929,17.509953,0.981430,TFLOPS,False,PASS,OK,cuBLASLt algo 22 layout=NN per-tensor scale,0,"actual=512, expected=512, tolerance=1e-06"
concurrent,7,NVIDIA RTX PRO 5000 Blackwell,12.0,fp64,FP64,FP64,FP64,4096,4096,4096,138.278885,138.290619,0.993926,TFLOPS,False,PASS,OK,cuBLASLt algo 22 layout=NN per-tensor scale,0,"actual=1024, expected=1024, tolerance=1e-06"
concurrent,7,NVIDIA RTX PRO 5000 Blackwell,12.0,fp64,FP64,FP64,FP64,6144,6144,6144,464.767090,464.802643,0.998041,TFLOPS,True,PASS,OK,cuBLASLt algo 22 layout=NN per-tensor scale,0,"actual=1536, expected=1536, tolerance=1e-06"
